token,tag_true,tag_pred
Статья,O,O
посвящена,O,O
изучению,O,O
функционирования,O,O
продолженного,B-TERM,O
инфинитива,I-TERM,B-TERM
в,O,O
системе,B-TERM,O
форм,B-TERM,O
английского,I-TERM,O
глагола,I-TERM,O
с,O,O
когнитивной,B-TERM,B-TERM
точки,I-TERM,I-TERM
зрения,I-TERM,O
.,O,O
Конструкции,O,B-TERM
с,O,O
продолженным,B-TERM,O
инфинитивом,I-TERM,B-TERM
и,O,O
предикатами,B-TERM,B-TERM
кажимости,I-TERM,I-TERM
анализируются,O,O
как,O,O
средство,B-TERM,O
номинации,I-TERM,O
различных,O,O
ситуаций,B-TERM,O
восприятия,I-TERM,O
.,O,O
Проводится,O,O
сравнительно,B-TERM,O
-,I-TERM,O
сопоставительный,I-TERM,O
анализ,I-TERM,O
английских,O,O
и,O,O
китайских,O,O
лексико,B-TERM,B-TERM
-,I-TERM,O
семантических,I-TERM,B-TERM
типов,I-TERM,I-TERM
выражения,B-TERM,O
значения,B-TERM,O
«,I-TERM,O
движение,I-TERM,O
вверх,I-TERM,O
»,I-TERM,O
.,O,O
В,O,O
процессе,O,O
поиска,O,O
функционально,B-TERM,O
соотносимых,I-TERM,O
типов,I-TERM,O
выделено,O,O
три,O,O
различных,O,O
структурных,B-TERM,B-TERM
модели,I-TERM,I-TERM
лексем,B-TERM,I-TERM
английского,O,I-TERM
языка,O,I-TERM
и,O,O
два,O,O
типа,O,O
лексем,B-TERM,B-TERM
китайского,O,I-TERM
языка,O,I-TERM
.,O,O
В,O,O
качестве,O,O
единиц,B-TERM,O
для,O,O
сравнительно,B-TERM,O
-,I-TERM,O
сопоставительного,I-TERM,O
анализа,I-TERM,O
рассматриваются,O,O
функционально,B-TERM,O
соотносимые,I-TERM,O
и,O,O
структурно,B-TERM,O
схожие,I-TERM,O
типы,I-TERM,O
описания,B-TERM,O
движения,B-TERM,O
вверх,I-TERM,O
–,O,O
аналитические,B-TERM,B-TERM
лексемы,I-TERM,I-TERM
«,O,O
глагольное,B-TERM,O
слово,I-TERM,O
+,O,O
наречие,B-TERM,O
up,O,O
в,O,O
английском,O,O
и,O,O
аналогичный,O,O
постпозитивный,B-TERM,O
элемент,I-TERM,O
-,I-TERM,O
частица,I-TERM,O
",",O,O
выражающий,O,O
значение,B-TERM,O
вверх,I-TERM,O
в,O,O
китайском,O,O
»,O,O
.,O,O
Рассматриваются,O,O
итеративные,B-TERM,B-TERM
значения,I-TERM,I-TERM
бивербальной,B-TERM,I-TERM
конструкции,I-TERM,I-TERM
",",O,O
состоящей,O,O
из,O,O
деепричастия,B-TERM,B-TERM
основного,B-TERM,I-TERM
глагола,I-TERM,I-TERM
и,O,O
вспомогательного,B-TERM,O
глагола,I-TERM,O
одур,O,O
#ERROR!,O,O
‘,O,O
сидеть,O,O
.’,O,O
Она,O,O
является,O,O
единственным,O,O
средством,B-TERM,O
выражения,I-TERM,O
действий,I-TERM,O
",",O,O
регулярно,O,O
повторяющихся,O,O
через,O,O
определенные,O,O
промежутки,O,O
времени,O,O
.,O,O
Эта,O,O
конструкция,B-TERM,O
используется,O,O
также,O,O
для,O,O
обозначения,B-TERM,O
действия,I-TERM,O
",",O,O
совершающихся,O,O
в,O,O
определенный,O,O
момент,O,O
или,O,O
период,O,O
времени,O,O
при,O,O
определенных,O,O
условиях,O,O
",",O,O
или,O,O
действий,O,O
",",O,O
характеризующих,O,O
субъект,B-TERM,O
постоянно,O,O
.,O,O
Специфическая,O,B-TERM
особенность,O,I-TERM
одур,O,O
#ERROR!,O,O
проявляется,O,O
в,O,O
том,O,O
",",O,O
что,O,O
он,O,O
акцентирует,O,O
конкретные,O,O
условия,O,O
",",O,O
при,O,O
которых,O,O
совершается,O,O
действие,B-TERM,O
.,O,O
Это,O,O
отличает,O,O
шорскую,O,O
конструкцию,B-TERM,O
от,O,O
формы,O,O
русского,O,O
несовершенного,B-TERM,O
вида,I-TERM,B-TERM
и,O,I-TERM
от,O,I-TERM
английской,O,O
формы,O,O
Continuous,O,O
.,O,O
Статья,O,O
посвящена,O,O
проблемам,O,O
восприятия,O,B-TERM
синтагматического,B-TERM,I-TERM
членения,I-TERM,I-TERM
английской,O,O
фразы,O,O
носителями,O,B-TERM
корейского,O,I-TERM
языка,O,I-TERM
.,O,O
Приводятся,O,O
результаты,O,O
эксперимента,O,O
по,O,O
декодированию,B-TERM,B-TERM
английских,B-TERM,I-TERM
синтагм,I-TERM,I-TERM
информантами,B-TERM,B-TERM
-,O,O
корейцами,O,B-TERM
в,O,O
процессе,O,B-TERM
восприятия,B-TERM,I-TERM
.,O,O
Одной,O,O
из,O,O
центральных,O,B-TERM
идей,O,I-TERM
моделирования,B-TERM,I-TERM
языкового,I-TERM,I-TERM
сознания,I-TERM,I-TERM
",",O,O
получивших,O,O
теоретическое,O,O
и,O,O
практическое,O,O
воплощение,O,O
",",O,O
является,O,O
«,O,O
идея,B-TERM,O
построения,I-TERM,B-TERM
когнайзера,I-TERM,I-TERM
»,O,O
–,O,O
семиотической,B-TERM,B-TERM
машины,I-TERM,I-TERM
(,O,O
автомата,B-TERM,O
),O,O
",",O,O
как,O,O
инфокогнитивной,B-TERM,B-TERM
компьютерной,I-TERM,I-TERM
системы,I-TERM,I-TERM
/,O,O
технологии,B-TERM,O
",",O,O
реализующей,O,O
возможные,O,B-TERM
модели,B-TERM,I-TERM
операциональных,B-TERM,I-TERM
отношений,I-TERM,I-TERM
",",O,O
существующих,O,O
в,O,O
сознании,B-TERM,O
носителя,B-TERM,O
языка,B-TERM,O
культуры,I-TERM,O
",",O,O
между,O,O
языковыми,B-TERM,O
единицами,I-TERM,B-TERM
(,O,O
ЯЕ,B-TERM,O
),O,O
",",O,O
которые,O,O
зафиксированы,O,O
в,O,O
различных,O,B-TERM
ассоциативных,B-TERM,I-TERM
и,O,I-TERM
когнитивных,B-TERM,B-TERM
экспериментах,I-TERM,I-TERM
.,O,O
Теоретическое,O,B-TERM
и,O,I-TERM
практическое,O,O
воплощение,O,O
идеи,O,B-TERM
когнайзера,B-TERM,I-TERM
актуально,O,O
как,O,O
для,O,O
решения,O,O
общей,O,O
проблемы,O,O
когниции,B-TERM,B-TERM
",",O,O
так,O,O
и,O,O
для,O,O
решения,O,O
частных,O,O
проблем,O,O
многих,O,O
наук,O,O
",",O,O
междисциплинарных,O,B-TERM
исследований,O,I-TERM
и,O,O
разработок,O,O
",",O,O
для,O,O
интегрированных,B-TERM,O
и,O,O
/,O,O
или,O,O
конвергентных,B-TERM,B-TERM
технологий,I-TERM,I-TERM
",",O,O
в,O,O
частности,O,O
NBIC,B-TERM,O
-,I-TERM,O
технологий,I-TERM,O
.,O,O
Рассматриваются,O,O
теоретические,O,O
основания,O,B-TERM
формального,B-TERM,I-TERM
сравнительного,I-TERM,I-TERM
анализа,I-TERM,I-TERM
психолингвистических,B-TERM,I-TERM
ассоциативных,I-TERM,I-TERM
экспериментов,I-TERM,I-TERM
и,O,O
анализа,B-TERM,B-TERM
текстовых,B-TERM,I-TERM
массивов,I-TERM,I-TERM
с,O,O
использованием,O,O
различных,O,B-TERM
метрик,B-TERM,I-TERM
",",O,O
основанных,O,O
на,O,O
дистрибутивно,B-TERM,B-TERM
-,I-TERM,O
статистическом,I-TERM,B-TERM
методе,I-TERM,I-TERM
и,O,O
компонентном,B-TERM,B-TERM
анализе,I-TERM,I-TERM
.,O,O
Дается,O,O
обзор,O,O
факторов,O,O
",",O,O
приводящих,O,O
к,O,O
изменениям,O,O
в,O,O
структуре,O,B-TERM
медиаотрасли,B-TERM,I-TERM
и,O,O
формах,O,O
предоставляемого,O,O
СМИ,B-TERM,B-TERM
контента,B-TERM,I-TERM
.,O,O
При,O,O
этом,O,O
упор,O,O
делается,O,O
на,O,O
изменившиеся,O,O
условия,O,O
существования,O,O
самих,O,B-TERM
медиа,B-TERM,I-TERM
как,O,O
социального,B-TERM,B-TERM
явления,I-TERM,I-TERM
",",O,O
новых,O,O
ожиданиях,O,B-TERM
аудитории,B-TERM,I-TERM
и,O,O
процессах,O,B-TERM
восприятия,O,I-TERM
медиапродукта,B-TERM,I-TERM
.,O,O
Приводятся,O,O
«,B-TERM,O
проклятые,I-TERM,O
вопросы,I-TERM,O
»,I-TERM,O
медиарынка,B-TERM,B-TERM
",",O,O
ответы,O,O
на,O,O
которые,O,O
пытаются,O,O
найти,O,O
руководители,O,O
всех,O,O
типов,O,O
СМИ,B-TERM,O
",",O,O
рассматриваются,O,O
бизнес,B-TERM,O
-,I-TERM,O
стратегии,I-TERM,B-TERM
медиаотрасли,I-TERM,I-TERM
",",O,O
которые,O,O
аналитики,O,O
рынка,O,O
обозначают,O,O
в,O,O
качестве,O,O
перспективных,O,O
.,O,O
Статья,O,O
посвящена,O,O
переходу,O,O
казахстанских,B-TERM,O
вузов,I-TERM,O
к,O,O
инновационным,B-TERM,B-TERM
моделям,I-TERM,I-TERM
.,O,O
Изучается,O,O
структура,O,O
",",O,O
история,O,O
и,O,O
опыт,O,O
западных,B-TERM,B-TERM
концепций,I-TERM,I-TERM
организации,I-TERM,I-TERM
университетского,I-TERM,I-TERM
образования,I-TERM,I-TERM
",",O,O
а,O,O
также,O,O
анализируются,O,O
проблемы,O,O
и,O,O
перспективные,O,O
возможности,O,O
применения,O,B-TERM
инновационных,B-TERM,I-TERM
технологий,I-TERM,I-TERM
в,O,O
журналистском,B-TERM,B-TERM
образовании,I-TERM,I-TERM
.,O,O
Исследуется,O,O
семантика,B-TERM,B-TERM
и,O,O
прагматика,B-TERM,B-TERM
конструкций,B-TERM,I-TERM
типа,O,O
самый,O,O
покупаемый,O,O
",",O,O
которые,O,O
широко,O,O
используются,O,O
в,O,O
медиатекстах,B-TERM,B-TERM
для,O,O
номинации,B-TERM,O
качественного,I-TERM,B-TERM
признака,I-TERM,I-TERM
предмета,I-TERM,I-TERM
.,O,O
Автор,O,O
выявляет,O,O
факторы,B-TERM,O
",",O,O
обусловливающие,O,O
возможность,O,O
образования,O,O
таких,O,O
конструкций,B-TERM,O
",",O,O
описывает,O,O
характерные,O,O
для,O,O
них,O,O
имплицитные,B-TERM,B-TERM
смыслы,I-TERM,I-TERM
",",O,O
показывает,O,O
",",O,O
что,O,O
они,O,O
апеллируют,O,O
к,O,O
авторитету,O,O
или,O,O
практике,O,O
неограниченного,O,O
круга,O,O
лиц,O,O
и,O,O
потому,O,O
обладают,O,O
повышенной,O,O
воздействующей,B-TERM,O
силой,I-TERM,O
.,O,O
Анализируется,O,O
семантика,B-TERM,B-TERM
и,O,O
особенности,B-TERM,O
употребления,I-TERM,O
в,O,O
современной,O,O
русской,O,O
речи,O,O
слов,O,O
(,O,O
российцы,O,O
",",O,O
россиянцы,O,O
",",O,O
эрэфцы,O,B-TERM
",",O,O
эрэфийцы,O,B-TERM
",",O,O
эрэфяне,O,B-TERM
",",O,O
русичи,O,O
",",O,O
урусы,O,O
",",O,O
руситы,O,O
и,O,O
др,O,O
.,O,O
),O,O
",",O,O
находящихся,O,O
на,O,O
стыке,O,B-TERM
этнонимии,B-TERM,I-TERM
и,O,O
названий,B-TERM,O
жителей,I-TERM,O
.,O,O
Статья,O,O
посвящена,O,O
исследованию,O,O
функционирования,B-TERM,B-TERM
лексики,I-TERM,I-TERM
со,O,O
значением,O,O
«,O,O
пунктуация,O,O
»,O,O
в,O,O
публицистической,B-TERM,B-TERM
сфере,I-TERM,I-TERM
речевой,B-TERM,I-TERM
коммуникации,I-TERM,I-TERM
.,O,O
Актуальность,O,O
определяется,O,O
учетом,O,O
коммуникативно,B-TERM,B-TERM
-,I-TERM,O
прагматического,I-TERM,B-TERM
аспекта,I-TERM,I-TERM
при,O,O
рассмотрении,O,B-TERM
пунктуации,B-TERM,I-TERM
.,O,O
Для,O,O
описания,O,O
поведения,O,B-TERM
амплитуды,B-TERM,I-TERM
колебаний,I-TERM,I-TERM
конически,B-TERM,B-TERM
-,I-TERM,O
сферической,I-TERM,B-TERM
модели,I-TERM,I-TERM
на,O,O
поперечной,B-TERM,B-TERM
державке,I-TERM,I-TERM
при,O,O
числе,B-TERM,O
Маха,I-TERM,O
М,B-TERM,O
#ERROR!,O,O
2,O,O
",",O,O
3,O,O
была,O,O
использована,O,O
полиномиальная,B-TERM,O
зависимость,I-TERM,O
функции,B-TERM,B-TERM
вязкого,I-TERM,I-TERM
демпфирования,I-TERM,B-TERM
.,O,I-TERM
В,O,I-TERM
качестве,O,O
функции,B-TERM,O
вязкого,I-TERM,O
демпфирования,I-TERM,B-TERM
был,O,I-TERM
взят,O,I-TERM
полином,B-TERM,O
4,I-TERM,O
-,I-TERM,O
й,I-TERM,O
степени,I-TERM,O
",",O,O
что,O,O
дало,O,O
возможность,O,O
описать,O,O
два,O,O
предельных,B-TERM,O
цикла,I-TERM,O
",",O,B-TERM
наблюдаемых,O,I-TERM
в,O,O
экспериментах,O,O
.,O,O
Коэффициенты,B-TERM,B-TERM
полинома,I-TERM,I-TERM
были,O,O
определены,O,O
и,O,O
показали,O,O
хорошее,O,O
соответствие,O,O
численному,B-TERM,O
решению,I-TERM,O
предложенного,O,O
уравнения,B-TERM,O
динамики,I-TERM,O
.,O,O
Рассмотрен,O,O
подход,O,O
к,O,O
созданию,O,B-TERM
узкополосного,B-TERM,I-TERM
квазиоптического,I-TERM,I-TERM
фильтра,I-TERM,I-TERM
с,O,O
центральной,B-TERM,O
частотой,I-TERM,O
ν,O,O
#ERROR!,O,O
806,O,O
ГГц,B-TERM,O
(,O,O
λ,B-TERM,O
#ERROR!,O,O
372,O,O
мкм,B-TERM,O
),O,O
",",O,O
предназначенного,O,O
для,O,O
реализации,O,O
метода,B-TERM,O
андерсемплинга,I-TERM,O
в,O,O
импульсной,B-TERM,O
терагерцовой,I-TERM,B-TERM
спектроскопии,I-TERM,I-TERM
.,O,O
Частота,B-TERM,B-TERM
выбрана,O,I-TERM
с,O,I-TERM
целью,O,O
мониторинга,B-TERM,O
линии,I-TERM,O
поглощения,I-TERM,O
молекулярного,I-TERM,O
газа,I-TERM,B-TERM
СО,B-TERM,I-TERM
в,O,I-TERM
локальном,B-TERM,I-TERM
окне,I-TERM,I-TERM
прозрачности,B-TERM,O
атмосферы,I-TERM,O
.,O,O
Фильтр,B-TERM,O
основан,O,O
на,O,O
эталоне,B-TERM,O
Фабри,I-TERM,O
–,I-TERM,O
Перо,I-TERM,O
и,O,O
представляет,O,O
собой,O,O
полипропиленовую,B-TERM,B-TERM
пленку,I-TERM,I-TERM
с,O,O
нанесенными,O,O
с,O,O
обеих,O,O
сторон,O,O
частотно,B-TERM,B-TERM
-,I-TERM,I-TERM
избирательными,I-TERM,I-TERM
поверхностями,I-TERM,I-TERM
(,O,O
ЧИП,B-TERM,O
),O,O
в,O,O
форме,O,B-TERM
квадратных,O,I-TERM
прорезей,O,I-TERM
в,O,O
напыленном,O,B-TERM
алюминиевом,O,B-TERM
слое,O,I-TERM
.,O,O
Посредством,O,O
численного,B-TERM,B-TERM
моделирования,I-TERM,I-TERM
пропускания,B-TERM,I-TERM
предложенной,O,I-TERM
структуры,O,I-TERM
определено,O,O
",",O,O
что,O,O
оптимум,O,O
отношения,O,O
ширины,O,O
металлической,O,B-TERM
перемычки,O,I-TERM
a,O,I-TERM
к,O,O
латеральному,B-TERM,B-TERM
периоду,I-TERM,I-TERM
g,O,I-TERM
ЧИП,B-TERM,O
лежит,O,O
в,O,O
окрестности,B-TERM,O
a,O,O
/,O,O
g,O,O
#ERROR!,O,O
0,O,O
",",O,O
5,O,O
.,O,O
При,O,O
выборе,O,O
g,O,O
менее,O,O
половины,O,O
рабочей,O,O
длины,B-TERM,O
волны,I-TERM,B-TERM
λ,B-TERM,I-TERM
показано,O,I-TERM
",",O,O
что,O,O
полная,B-TERM,O
ширина,I-TERM,O
на,O,O
полувысоте,B-TERM,O
пропускания,I-TERM,O
получаемого,O,B-TERM
квазиоптического,B-TERM,I-TERM
фильтра,I-TERM,I-TERM
составляет,O,B-TERM
менее,O,I-TERM
4,O,O
%,O,O
",",O,O
что,O,O
достаточно,O,O
для,O,O
реализации,O,O
метода,B-TERM,O
андерсемплинга,I-TERM,O
в,O,B-TERM
импульсных,B-TERM,I-TERM
терагерцовых,I-TERM,O
спектрометрах,I-TERM,B-TERM
.,O,I-TERM
В,O,O
статье,O,O
представлена,O,O
кафедра,B-TERM,O
высшей,B-TERM,B-TERM
математики,I-TERM,I-TERM
физического,O,I-TERM
факультета,O,I-TERM
Новосибирского,O,I-TERM
государственного,O,I-TERM
университета,O,I-TERM
.,O,O
Рассказывается,O,O
об,O,O
истории,O,O
создания,O,O
кафедры,B-TERM,O
",",O,O
ее,O,O
традициях,O,O
и,O,O
методах,O,O
",",O,O
которые,O,O
используют,O,O
ее,O,O
преподаватели,O,O
.,O,O
Читатель,O,O
также,O,O
узнает,O,O
некоторые,O,O
основные,O,O
сведения,O,O
о,O,O
коллективе,O,O
кафедры,B-TERM,O
и,O,O
особенностях,O,O
преподаваемых,O,O
курсов,O,O
.,O,O
В,O,O
статье,O,O
рассказывается,O,O
о,O,O
кафедре,B-TERM,B-TERM
физики,B-TERM,I-TERM
ускорителей,I-TERM,I-TERM
физического,O,I-TERM
факультета,O,I-TERM
Новосибирского,O,I-TERM
государственного,O,I-TERM
университета,O,I-TERM
",",O,O
базирующейся,O,O
в,O,O
Институте,B-TERM,B-TERM
ядерной,I-TERM,I-TERM
физики,I-TERM,I-TERM
им,O,O
.,O,O
Г,O,O
.,O,O
И,O,O
.,O,O
Будкера,O,O
СО,B-TERM,O
РАН,I-TERM,O
.,O,O
Проведено,O,O
исследование,O,O
влияния,O,O
распределенного,B-TERM,O
вдува,I-TERM,O
газа,I-TERM,O
с,O,O
большой,O,O
теплоемкостью,B-TERM,O
в,O,O
сверхзвуковой,B-TERM,B-TERM
пограничный,I-TERM,I-TERM
слой,I-TERM,I-TERM
на,O,O
его,O,O
устойчивость,B-TERM,O
к,I-TERM,O
искусственным,I-TERM,O
возмущениям,I-TERM,B-TERM
.,O,O
Показано,O,O
",",O,O
что,O,O
вдув,B-TERM,O
газа,I-TERM,O
с,O,O
большой,O,O
теплоемкостью,B-TERM,O
Cp,O,O
при,O,O
некоторых,O,O
значениях,O,B-TERM
расхода,O,I-TERM
может,O,O
приводить,O,O
к,O,O
стабилизации,O,B-TERM
сверхзвукового,B-TERM,I-TERM
пограничного,I-TERM,I-TERM
слоя,I-TERM,I-TERM
.,O,O
Изучены,O,O
клинико,O,B-TERM
-,O,O
лабораторные,O,B-TERM
особенности,O,I-TERM
течения,O,B-TERM
воспалительных,B-TERM,I-TERM
заболеваний,I-TERM,I-TERM
придатков,B-TERM,I-TERM
матки,I-TERM,O
у,O,O
164,O,O
пациенток,O,O
в,O,O
возрасте,O,O
от,O,O
15,O,O
до,O,O
60,O,O
лет,O,O
.,O,O
Проведено,O,O
рандомизированное,O,B-TERM
клиническое,O,B-TERM
испытание,O,I-TERM
различных,O,O
способов,O,B-TERM
лимфотроптого,B-TERM,I-TERM
введения,I-TERM,I-TERM
антибиотиков,B-TERM,I-TERM
в,O,O
комплексном,O,B-TERM
лечении,O,I-TERM
данной,O,O
патологии,B-TERM,O
у,O,O
женщин,O,O
разных,O,O
возрастных,O,O
групп,O,O
.,O,O
Показано,O,O
",",O,O
что,O,O
воспалительные,B-TERM,O
заболевания,I-TERM,O
придатков,B-TERM,O
матки,I-TERM,O
имеют,O,O
клинико,O,B-TERM
-,O,O
лабораторные,O,O
особенности,O,O
в,O,O
разные,O,O
возрастные,O,O
периоды,O,O
.,O,O
Дисбиоз,B-TERM,B-TERM
влагалища,I-TERM,I-TERM
и,O,O
вагинит,B-TERM,B-TERM
",",O,O
более,O,O
частое,O,O
выявление,O,B-TERM
хламидий,B-TERM,I-TERM
и,O,O
уреаплазм,B-TERM,B-TERM
у,O,O
девочек,O,O
",",O,O
не,O,O
имеющих,O,O
сексуального,O,B-TERM
опыта,O,I-TERM
",",O,O
может,O,O
свидетельствовать,O,O
в,O,O
пользу,O,O
возможного,O,O
восходящего,O,O
пути,O,O
инфицирования,B-TERM,O
с,O,O
развитием,O,O
первично,B-TERM,O
хронического,I-TERM,B-TERM
малосимптомного,I-TERM,I-TERM
процесса,I-TERM,I-TERM
в,O,O
придатках,B-TERM,O
матки,I-TERM,O
в,O,O
данной,O,O
возрастной,O,O
группе,O,O
.,O,O
Определённая,O,O
модель,O,O
поведения,O,O
сексуально,O,B-TERM
-,O,I-TERM
активных,O,I-TERM
девушек,O,O
способствует,O,O
выраженным,O,O
патологическим,B-TERM,B-TERM
изменениям,I-TERM,I-TERM
влагалищной,B-TERM,I-TERM
микрофлоры,I-TERM,I-TERM
",",O,O
которые,O,O
наряду,O,O
со,O,O
сниженной,O,O
реактивностью,B-TERM,B-TERM
местного,B-TERM,I-TERM
иммунитета,I-TERM,I-TERM
приводят,O,O
к,O,O
частому,O,O
развитию,O,O
остро,O,O
протекающих,O,B-TERM
воспалительных,B-TERM,I-TERM
процессов,I-TERM,I-TERM
с,O,O
осложнёнными,B-TERM,B-TERM
формами,I-TERM,I-TERM
.,O,O
Тяжёлому,O,B-TERM
гнойному,B-TERM,B-TERM
воспалению,I-TERM,I-TERM
придатков,B-TERM,I-TERM
матки,I-TERM,O
в,O,O
репродуктивном,B-TERM,B-TERM
возрасте,I-TERM,I-TERM
способствует,O,O
длительное,O,O
применение,O,O
ВМК,B-TERM,O
",",O,O
наличие,O,O
в,O,O
анамнезе,B-TERM,B-TERM
хронического,B-TERM,I-TERM
воспалительного,I-TERM,I-TERM
процесса,I-TERM,O
в,O,O
придатках,B-TERM,B-TERM
матки,I-TERM,I-TERM
",",O,O
нарушенного,O,O
биоценоза,B-TERM,B-TERM
влагалища,B-TERM,I-TERM
на,O,O
фоне,O,O
сниженных,O,O
показателей,O,B-TERM
местного,B-TERM,I-TERM
иммунитета,I-TERM,I-TERM
.,O,O
Частота,O,B-TERM
воспалительных,B-TERM,I-TERM
процессов,I-TERM,I-TERM
придатковматки,B-TERM,I-TERM
матки,I-TERM,I-TERM
в,O,O
старшей,O,O
возрастной,O,B-TERM
группе,O,I-TERM
снижается,O,O
с,O,O
угасанием,O,B-TERM
гормональной,B-TERM,I-TERM
функции,I-TERM,I-TERM
",",O,O
в,O,O
постменопаузе,B-TERM,B-TERM
требует,O,O
дифференциальной,O,B-TERM
диагностики,O,I-TERM
с,O,O
экстрагенитальной,B-TERM,B-TERM
патологией,I-TERM,I-TERM
.,O,O
Применение,O,O
комплексной,O,B-TERM
лимфотропной,B-TERM,I-TERM
антимикробной,I-TERM,I-TERM
терапии,I-TERM,I-TERM
при,O,O
воспалительных,B-TERM,B-TERM
заболеваниях,I-TERM,I-TERM
придатков,B-TERM,I-TERM
матки,I-TERM,O
в,O,O
разные,O,O
возрастные,O,O
периоды,O,O
повышает,O,O
эффективность,O,O
лечения,O,O
и,O,O
может,O,O
быть,O,O
рекомендовано,O,O
для,O,O
использования,O,O
в,O,O
клинике,O,O
.,O,O
Исследован,O,O
генетический,B-TERM,B-TERM
полиморфизм,I-TERM,I-TERM
ферментов,B-TERM,I-TERM
метаболизма,I-TERM,B-TERM
эстрогенов,I-TERM,I-TERM
:,O,O
цитохромов,B-TERM,B-TERM
P450,I-TERM,O
(,O,O
CYP,B-TERM,O
),O,O
1A1,B-TERM,O
и,O,O
1A2,B-TERM,O
",",O,O
CYP19,B-TERM,O
(,O,O
Ароматаза,B-TERM,B-TERM
),O,O
",",O,O
сульфоотрансфераза,B-TERM,B-TERM
(,O,O
SULT,B-TERM,O
),O,O
1A1,B-TERM,O
170,O,O
-,O,O
ти,O,O
женщин,O,O
с,O,O
миомой,B-TERM,B-TERM
матки,I-TERM,I-TERM
и,O,O
170,O,O
-,O,O
ти,O,O
здоровых,O,O
женщин,O,O
.,O,O
Достоверных,O,O
различий,O,O
в,O,O
частоте,O,B-TERM
встречаемости,O,I-TERM
мутантных,B-TERM,I-TERM
аллелей,I-TERM,I-TERM
генов,I-TERM,I-TERM
CYP1A1,B-TERM,O
(,O,O
MspI,B-TERM,O
полиморфизм,I-TERM,B-TERM
),O,O
и,O,O
CYP19,B-TERM,O
(,O,O
C264,B-TERM,O
-,I-TERM,O
T,I-TERM,O
),O,O
больных,O,O
и,O,O
здоровых,O,O
женщин,O,O
выявлено,O,O
не,O,O
было,O,O
.,O,O
Частота,O,B-TERM
мутантного,B-TERM,I-TERM
аллеля,I-TERM,I-TERM
гена,I-TERM,I-TERM
CYP1A2,B-TERM,O
(,O,O
A734,B-TERM,O
-,I-TERM,O
C,I-TERM,O
),O,O
была,O,O
выше,O,O
(,O,O
21,O,O
",",O,O
8,O,O
%,O,O
",",O,O
OR,O,O
#ERROR!,O,O
0,O,O
",",O,O
71,O,O
",",O,O
P,O,O
#ERROR!,O,O
0,O,O
",",O,O
97,O,O
),O,O
у,O,O
больных,O,O
женщин,O,O
по,O,O
сравнению,O,O
с,O,O
группой,O,O
контроля,O,O
(,O,O
16,O,O
",",O,O
5,O,O
%,O,O
),O,O
.,O,O
Частота,O,B-TERM
гетерозиготного,B-TERM,I-TERM
генотипа,I-TERM,I-TERM
CYP1A2,B-TERM,O
*,O,O
1A,O,O
/,O,O
1F,O,O
(,O,O
38,O,O
",",O,O
8,O,O
%,O,O
",",O,O
OR,O,O
#ERROR!,O,O
1,O,O
",",O,O
29,O,O
",",O,O
P,O,O
#ERROR!,O,O
0,O,O
",",O,O
37,O,O
),O,O
была,O,O
также,O,O
выше,O,O
по,O,O
сравнению,O,O
со,O,O
здоровыми,O,O
женщинами,O,O
(,O,O
32,O,O
",",O,O
9,O,O
%,O,O
),O,O
.,O,O
Выявлено,O,O
достоверное,O,O
снижение,O,O
частоты,O,B-TERM
встречаемости,O,I-TERM
мутантного,B-TERM,I-TERM
аллеля,I-TERM,I-TERM
гена,I-TERM,I-TERM
SULT1A1,B-TERM,O
(,O,O
G638,B-TERM,O
-,I-TERM,O
A,I-TERM,O
),O,O
у,O,O
женщин,O,O
с,O,O
миомой,B-TERM,B-TERM
(,O,O
34,O,O
",",O,O
7,O,O
%,O,O
",",O,O
OR,O,O
#ERROR!,O,O
0,O,O
",",O,O
60,O,O
",",O,O
P,O,O
#ERROR!,O,O
0,O,O
",",O,O
1,O,O
),O,O
по,O,O
сравнению,O,O
с,O,O
группой,O,O
контроля,O,O
(,O,O
47,O,O
",",O,O
1,O,O
%,O,O
),O,O
.,O,O
Кроме,O,O
того,O,O
",",O,O
наблюдается,O,O
снижение,O,O
частоты,O,B-TERM
встречаемости,O,I-TERM
гомозигот,B-TERM,I-TERM
мутантного,B-TERM,I-TERM
типа,I-TERM,I-TERM
больных,O,O
:,O,O
9,O,O
",",O,O
4,O,O
(,O,O
OR,O,O
#ERROR!,O,O
0,O,O
",",O,O
25,O,O
",",O,O
P,O,O
#ERROR!,O,O
0,O,O
",",O,O
6,O,O
),O,O
по,O,O
сравнению,O,O
с,O,O
группой,O,O
контроля,O,O
(,O,O
29,O,O
",",O,O
4,O,O
%,O,O
),O,O
.,O,O
Также,O,O
наблюдается,O,O
снижение,O,O
частоты,O,O
встречаемости,O,O
гетерозиготного,B-TERM,O
генотипа,I-TERM,O
SULT1A1,B-TERM,B-TERM
*,O,O
1,O,O
/,O,O
2,O,O
в,O,O
группе,O,O
с,O,O
доброкачественными,B-TERM,B-TERM
новообразованиями,I-TERM,I-TERM
(,O,O
50,O,O
",",O,O
6,O,O
%,O,O
",",O,O
OR,O,O
#ERROR!,O,O
1,O,O
",",O,O
88,O,O
",",O,O
P,O,O
#ERROR!,O,O
0,O,O
",",O,O
6,O,O
),O,O
по,O,O
сравнению,O,O
с,O,O
группой,O,O
контроля,O,O
(,O,O
35,O,O
",",O,O
3,O,O
%,O,O
),O,O
.,O,O
Полученные,O,O
результаты,O,O
свидетельствуют,O,O
о,O,O
возможном,O,O
вовлечении,O,O
ферментов,B-TERM,O
SULT1A1,B-TERM,O
и,O,O
CYP1A2,B-TERM,O
в,O,O
патогенез,B-TERM,B-TERM
миомы,B-TERM,I-TERM
матки,I-TERM,I-TERM
.,O,O
Тогда,O,O
в,O,O
группу,O,O
риска,O,O
этого,O,O
заболевания,O,O
попадают,O,O
женщины,O,O
",",O,O
имеющие,O,O
сочетание,O,O
дикого,O,O
SULT1A1,B-TERM,B-TERM
и,O,O
мутантного,B-TERM,B-TERM
CYP1A2,I-TERM,O
генотипов,B-TERM,B-TERM
.,O,O
Представлено,O,O
обобщенное,O,O
описание,O,B-TERM
адаптационных,B-TERM,I-TERM
реакций,I-TERM,I-TERM
липы,B-TERM,B-TERM
мелколистной,I-TERM,I-TERM
в,O,I-TERM
различных,O,O
типах,O,B-TERM
техногенных,B-TERM,I-TERM
условий,I-TERM,I-TERM
.,O,O
На,O,O
основе,O,O
многочисленных,O,O
количественных,O,O
данных,O,O
",",O,O
полученных,O,O
в,O,O
предыдущие,O,O
годы,O,O
исследований,O,O
",",O,O
составлены,O,O
схемы,O,O
реализации,O,B-TERM
адаптивного,B-TERM,I-TERM
потенциала,I-TERM,I-TERM
липы,B-TERM,B-TERM
мелколистной,I-TERM,I-TERM
в,O,I-TERM
условиях,O,B-TERM
нефтехимического,B-TERM,I-TERM
и,O,I-TERM
полиметаллического,B-TERM,B-TERM
загрязнений,I-TERM,I-TERM
.,O,O
Показана,O,O
специфичность,O,B-TERM
адаптационных,B-TERM,I-TERM
реакций,I-TERM,I-TERM
липы,B-TERM,O
",",O,O
их,O,O
зависимость,O,O
от,O,O
возраста,O,O
и,O,O
типа,O,O
загрязнения,O,O
.,O,O
Проанализировано,O,O
состояние,O,B-TERM
репродуктивного,B-TERM,I-TERM
здоровья,I-TERM,I-TERM
женщин,O,O
(,O,O
n,O,O
#ERROR!,O,O
231,O,O
),O,O
и,O,O
их,O,O
потомков,O,O
1,O,O
-,O,O
го,O,O
(,O,O
n,O,O
#ERROR!,O,O
360,O,O
),O,O
и,O,O
2,O,O
-,O,O
го,O,O
поколений,O,O
(,O,O
n,O,O
#ERROR!,O,O
112,O,O
),O,O
",",O,O
находившихся,O,O
в,O,O
зоне,B-TERM,O
радиационного,I-TERM,O
воздействия,I-TERM,O
на,O,O
следе,B-TERM,O
ядерного,I-TERM,O
взрыва,I-TERM,O
1949,O,O
г,O,O
.,O,O
на,O,O
Семипалатинском,O,O
полигоне,O,O
.,O,O
Проведено,O,O
определение,O,O
субпопуляционной,B-TERM,B-TERM
структуры,I-TERM,I-TERM
иммунокомпетентных,B-TERM,I-TERM
клеток,I-TERM,I-TERM
",",O,O
концентрации,O,O
фактора,B-TERM,B-TERM
некроза,I-TERM,I-TERM
опухоли,I-TERM,I-TERM
в,O,O
сыворотке,B-TERM,B-TERM
крови,I-TERM,I-TERM
.,O,O
Показано,O,O
преобладание,O,O
у,O,O
облученных,O,O
и,O,O
их,O,O
потомков,O,O
1,O,O
-,O,O
го,O,O
и,O,O
2,O,O
-,O,O
го,O,O
поколений,O,B-TERM
экстрагенитальной,B-TERM,I-TERM
",",O,O
гинекологической,B-TERM,B-TERM
заболеваемости,I-TERM,I-TERM
",",O,O
осложненного,B-TERM,O
течения,I-TERM,O
беременности,I-TERM,O
.,O,O
У,O,O
женщин,O,O
2,O,O
-,O,O
го,O,O
поколения,O,O
обнаружены,O,O
изменения,O,O
субпопуляционной,B-TERM,B-TERM
структуры,I-TERM,I-TERM
иммунокомпетентных,B-TERM,I-TERM
клеток,I-TERM,I-TERM
.,O,O
Выявлено,O,O
значимое,O,O
увеличение,O,O
активности,O,O
одного,O,O
из,O,O
провоспалительных,B-TERM,B-TERM
цитокинов,I-TERM,I-TERM
–,O,O
фактора,B-TERM,B-TERM
некроза,I-TERM,I-TERM
опухоли,I-TERM,I-TERM
.,O,O
Изучена,O,O
частота,O,B-TERM
легочных,B-TERM,I-TERM
осложнений,I-TERM,I-TERM
у,O,O
104,O,O
пациентов,O,O
с,O,O
сочетанными,B-TERM,O
повреждениями,I-TERM,B-TERM
груди,I-TERM,I-TERM
и,I-TERM,O
сегментов,I-TERM,B-TERM
конечностей,I-TERM,I-TERM
.,O,O
Все,O,O
пациенты,O,O
разделены,O,O
на,O,O
две,O,O
группы,O,O
:,O,O
основную,O,O
составили,O,O
46,O,O
больных,O,O
с,O,O
сочетанными,B-TERM,O
повреждениями,I-TERM,B-TERM
груди,I-TERM,I-TERM
и,I-TERM,O
конечностей,I-TERM,O
",",O,O
сравнительную,O,O
–,O,O
58,O,O
пострадавших,O,O
с,O,O
изолированными,B-TERM,O
травмами,I-TERM,O
груди,I-TERM,O
.,O,O
Установлено,O,O
",",O,O
что,O,O
легочные,B-TERM,O
осложнения,I-TERM,O
выявлены,O,O
в,O,O
91,O,O
",",O,O
3,O,O
%,O,O
случаев,O,O
у,O,O
больных,O,O
с,O,O
сочетанными,B-TERM,O
повреждениями,I-TERM,B-TERM
груди,I-TERM,I-TERM
и,I-TERM,O
конечностей,I-TERM,O
.,O,O
Двусторонние,B-TERM,B-TERM
повреждения,I-TERM,I-TERM
грудной,B-TERM,I-TERM
клетки,I-TERM,I-TERM
у,O,O
пациентов,O,O
с,O,O
сочетанными,B-TERM,O
травмами,I-TERM,O
встречались,O,O
в,O,O
3,O,O
",",O,O
5,O,O
раза,O,O
чаще,O,O
",",O,O
чем,O,O
у,O,O
пациентов,O,O
с,O,O
изолированными,B-TERM,O
повреждениями,I-TERM,B-TERM
груди,I-TERM,I-TERM
.,O,O
Таким,O,O
образом,O,O
",",O,O
изолированная,B-TERM,O
травма,I-TERM,O
груди,I-TERM,O
в,O,O
34,O,O
",",O,O
7,O,O
%,O,O
случаев,O,O
осложнялась,O,O
пневмотораксом,B-TERM,B-TERM
",",O,O
при,O,O
сочетанных,B-TERM,O
повреждениях,I-TERM,B-TERM
данный,O,O
признак,O,O
выявлен,O,O
у,O,O
21,O,O
",",O,O
6,O,O
%,O,O
больных,O,O
.,O,O
Гемо,O,B-TERM
-,O,I-TERM
и,O,I-TERM
гемопневмоторакс,B-TERM,B-TERM
в,O,O
большинстве,O,O
случаев,O,O
(,O,O
78,O,O
",",O,O
4,O,O
%,O,O
),O,O
возникали,O,O
при,O,O
сочетанных,B-TERM,O
повреждениях,I-TERM,B-TERM
груди,I-TERM,I-TERM
и,I-TERM,O
сегментов,I-TERM,O
конечностей,I-TERM,O
по,O,O
сравнению,O,O
с,O,O
изолированными,B-TERM,O
травмами,I-TERM,O
грудной,B-TERM,B-TERM
клетки,I-TERM,I-TERM
(,O,O
65,O,O
",",O,O
3,O,O
%,O,O
),O,O
.,O,O
В,O,O
статье,O,O
идет,O,O
речь,O,O
о,O,O
состоянии,O,O
",",O,O
проблемах,O,O
и,O,O
перспективах,O,O
развития,O,O
общего,B-TERM,B-TERM
среднего,I-TERM,I-TERM
образования,I-TERM,I-TERM
в,O,O
ряде,O,O
регионов,O,O
РФ,O,O
.,O,O
Опираясь,O,O
на,O,O
результаты,O,B-TERM
широкомасштабного,O,I-TERM
социологического,B-TERM,I-TERM
исследования,I-TERM,I-TERM
",",O,O
автор,O,O
рассматривает,O,O
",",O,O
насколько,O,O
эффективно,O,O
",",O,O
с,O,O
точки,O,O
зрения,O,O
респондентов,B-TERM,O
",",O,O
школы,B-TERM,O
выполняют,O,O
свои,O,O
основные,O,O
функции,B-TERM,O
.,O,O
Материалы,O,O
могут,O,O
представлять,O,O
определенный,O,O
интерес,O,O
для,O,O
специалистов,O,O
органов,B-TERM,O
управления,I-TERM,O
образованием,I-TERM,O
",",O,O
руководителей,O,O
ОУ,B-TERM,O
и,O,O
социологов,O,O
",",O,O
работающих,O,O
в,O,O
области,O,O
социологии,B-TERM,O
образования,I-TERM,O
.,O,O
В,O,O
работе,O,O
представлен,O,O
ряд,O,B-TERM
контекстов,B-TERM,I-TERM
и,O,O
смыслов,B-TERM,O
понятия,O,O
«,O,O
единица,B-TERM,O
»,O,O
как,O,O
дидактической,B-TERM,B-TERM
составляющей,I-TERM,I-TERM
в,B-TERM,I-TERM
педагогике,O,B-TERM
.,O,O
Рассмотрены,O,O
единицы,B-TERM,O
как,O,O
элементы,O,O
знания,B-TERM,O
или,O,O
единицы,B-TERM,O
учебной,B-TERM,B-TERM
информации,I-TERM,I-TERM
",",O,O
дидактические,B-TERM,B-TERM
единицы,I-TERM,I-TERM
и,O,O
укрупненные,B-TERM,O
дидактические,I-TERM,B-TERM
единицы,I-TERM,I-TERM
.,O,O
Различные,O,O
виды,O,O
единиц,B-TERM,O
позволяют,O,O
оптимально,O,O
организовать,O,O
учебный,B-TERM,O
процесс,I-TERM,O
.,O,O
Рассматриваются,O,O
роль,O,O
и,O,O
место,O,O
отзыва,O,O
по,O,O
прочитанной,O,O
книге,O,O
как,O,O
средства,O,O
повышения,O,B-TERM
речевой,B-TERM,I-TERM
компетенции,I-TERM,I-TERM
детей,B-TERM,I-TERM
на,O,O
уроках,B-TERM,O
русского,B-TERM,B-TERM
языка,I-TERM,I-TERM
",",O,O
обучающихся,B-TERM,O
на,I-TERM,O
дому,I-TERM,O
.,O,O
Эта,O,O
проблема,O,O
особенно,O,O
актуальна,O,O
",",O,O
поскольку,O,O
речевые,B-TERM,B-TERM
навыки,I-TERM,I-TERM
и,O,O
умения,O,O
данной,O,O
категории,O,O
школьников,B-TERM,O
находятся,O,O
в,O,O
явном,O,O
проигрыше,O,O
в,O,O
сравнении,O,O
с,O,O
их,O,O
остальными,O,O
сверстниками,O,O
",",O,O
посещающими,O,O
занятия,B-TERM,O
в,O,O
классе,B-TERM,O
.,O,O
Публикация,O,O
посвящена,O,O
проведению,O,B-TERM
Сибирского,O,I-TERM
лингвистического,O,I-TERM
чемпионата,O,I-TERM
по,O,O
морфологии,B-TERM,B-TERM
русского,B-TERM,I-TERM
языка,I-TERM,I-TERM
.,O,O
Авторы,O,O
приводят,O,O
примеры,O,O
заданий,B-TERM,O
и,O,O
анализируют,O,O
форму,O,B-TERM
организации,O,I-TERM
олимпиады,B-TERM,I-TERM
.,O,O
Представлен,O,O
опыт,O,B-TERM
комплексного,O,I-TERM
сопровождения,O,I-TERM
сети,O,I-TERM
специализированных,B-TERM,B-TERM
классов,I-TERM,I-TERM
математической,B-TERM,I-TERM
и,O,I-TERM
естественнонаучной,B-TERM,B-TERM
направленности,I-TERM,I-TERM
общеобразовательных,B-TERM,I-TERM
учреждений,I-TERM,I-TERM
Новосибирской,O,I-TERM
области,O,I-TERM
.,O,O
Особое,O,O
внимание,O,O
уделено,O,O
вопросам,O,O
создания,O,B-TERM
модели,O,I-TERM
управления,O,I-TERM
развитием,O,B-TERM
сети,O,I-TERM
специализированных,B-TERM,B-TERM
классов,I-TERM,I-TERM
",",O,O
научно,B-TERM,B-TERM
-,I-TERM,O
методическому,I-TERM,B-TERM
и,O,I-TERM
психолого,B-TERM,B-TERM
-,I-TERM,O
педагогическому,I-TERM,B-TERM
сопровождению,I-TERM,I-TERM
специализированного,B-TERM,I-TERM
обучения,I-TERM,I-TERM
.,O,O
Рассматриваются,O,O
актуальные,O,O
проблемы,O,O
психотерапии,B-TERM,O
искусством,I-TERM,O
как,O,O
одного,O,O
из,O,O
направлений,B-TERM,O
современной,O,O
клинико,B-TERM,B-TERM
-,I-TERM,O
психологической,I-TERM,B-TERM
практики,I-TERM,I-TERM
.,O,O
Систематизируются,O,O
данные,O,O
современных,O,O
отечественных,O,O
и,O,O
зарубежных,O,O
исследований,O,O
специфики,O,O
воздействия,O,B-TERM
произведений,O,I-TERM
искусства,O,I-TERM
на,O,O
личность,B-TERM,O
.,O,O
Предпринята,O,O
попытка,O,B-TERM
осмысления,O,I-TERM
механизмов,O,I-TERM
психотерапевтического,B-TERM,I-TERM
влияния,I-TERM,I-TERM
искусства,I-TERM,I-TERM
на,O,O
человека,O,O
с,O,O
позиций,O,O
русской,B-TERM,B-TERM
философской,I-TERM,I-TERM
традиции,I-TERM,I-TERM
(,O,O
концепция,O,O
искусства,O,O
И,O,O
.,O,O
А,O,O
.,O,O
Ильина,O,O
),O,O
.,O,O
Показана,O,O
перспективность,O,O
психотерапии,B-TERM,O
созерцанием,O,O
образцов,O,B-TERM
классического,O,I-TERM
искусства,O,I-TERM
.,O,O
Раскрываются,O,O
возможности,O,O
использования,O,B-TERM
художественных,B-TERM,I-TERM
произведений,I-TERM,I-TERM
как,O,O
источников,O,O
«,O,O
живого,O,O
»,O,B-TERM
психологического,B-TERM,I-TERM
знания,I-TERM,I-TERM
",",O,O
средств,B-TERM,B-TERM
самопознания,I-TERM,I-TERM
и,O,O
развития,O,O
значимых,O,O
в,O,O
профессиональном,O,O
плане,O,B-TERM
личностных,B-TERM,I-TERM
качеств,I-TERM,I-TERM
в,O,O
процессе,O,O
подготовки,O,B-TERM
специалистов,O,I-TERM
-,O,O
психологов,O,O
.,O,O
Превратившаяся,O,O
в,O,O
непреложный,O,O
жизненный,O,O
долг,O,O
обязанность,O,O
личности,B-TERM,O
по,O,O
созданию,O,O
собственной,O,O
идентичности,B-TERM,O
есть,O,O
",",O,O
с,O,O
одной,O,O
стороны,O,O
",",O,O
ответ,O,O
на,O,O
вызовы,O,O
времени,O,O
и,O,O
попытка,O,O
обретения,O,O
стабильности,O,O
в,O,O
нестабильном,O,B-TERM
мире,O,I-TERM
",",O,O
с,O,O
другой,O,O
–,O,O
новая,O,O
форма,B-TERM,B-TERM
социального,I-TERM,I-TERM
контроля,I-TERM,I-TERM
и,O,O
средство,B-TERM,O
извлечения,I-TERM,O
прибыли,O,O
",",O,O
вызванные,O,O
к,O,O
жизни,O,O
логикой,B-TERM,O
развития,I-TERM,B-TERM
неолиберального,B-TERM,I-TERM
капитализма,I-TERM,I-TERM
.,O,O
Автор,O,O
обращает,O,O
внимание,O,O
на,O,O
сосредоточенность,O,O
современных,O,O
исследований,O,O
при,O,O
изучении,O,O
феномена,B-TERM,O
«,I-TERM,O
красоты,I-TERM,B-TERM
человека,I-TERM,I-TERM
»,I-TERM,O
на,O,O
внешней,O,O
привлекательности,O,O
.,O,O
Предлагается,O,O
рассматривать,O,O
данный,O,O
феномен,B-TERM,O
целостно,O,O
",",O,O
с,O,O
учетом,O,O
духовно,B-TERM,B-TERM
-,I-TERM,O
душевно,I-TERM,B-TERM
-,I-TERM,O
телесной,I-TERM,B-TERM
природы,I-TERM,I-TERM
человека,I-TERM,I-TERM
.,O,O
При,O,O
исследовании,O,O
данной,O,O
проблемы,O,O
автор,O,O
считает,O,O
полезным,O,O
привлечение,O,O
литературно,B-TERM,B-TERM
-,I-TERM,O
художественного,I-TERM,B-TERM
материала,I-TERM,I-TERM
.,O,O
Ценностное,B-TERM,B-TERM
измерение,I-TERM,I-TERM
понимается,O,O
как,O,O
оценка,O,O
интенсивности,B-TERM,B-TERM
ценностных,B-TERM,I-TERM
отношений,I-TERM,I-TERM
личности,B-TERM,O
к,O,O
себе,O,O
и,O,O
другим,O,O
.,O,O
Выделяются,O,O
ценностные,B-TERM,B-TERM
критерии,I-TERM,I-TERM
идентификации,B-TERM,I-TERM
(,O,O
«,B-TERM,O
Я,I-TERM,O
»,I-TERM,O
",",O,O
«,B-TERM,O
Идеальное,I-TERM,B-TERM
»,I-TERM,O
",",O,O
«,B-TERM,O
Антиидеальное,I-TERM,B-TERM
»,I-TERM,O
),O,O
и,O,O
соответствующие,O,O
им,O,O
ценностные,B-TERM,B-TERM
уровни,I-TERM,I-TERM
в,O,O
структуре,B-TERM,O
идентичности,I-TERM,O
.,O,O
Обсуждаются,O,O
возможные,O,O
механизмы,B-TERM,O
идентификации,I-TERM,O
",",O,O
специфичные,O,O
для,O,O
разных,O,O
уровней,O,O
и,O,O
разновидностей,O,O
идентичности,B-TERM,O
.,O,O
Анализируются,O,O
российские,O,O
диссертации,B-TERM,O
последних,O,O
десяти,O,O
лет,O,O
",",O,O
посвященные,O,O
проблеме,O,B-TERM
личностной,B-TERM,I-TERM
идентичности,I-TERM,I-TERM
.,O,O
Обсуждается,O,O
определение,O,O
и,O,O
понимание,O,B-TERM
феномена,B-TERM,I-TERM
личностной,I-TERM,I-TERM
идентичности,I-TERM,I-TERM
.,O,O
Отсутствуют,O,O
единые,O,B-TERM
представления,O,I-TERM
о,O,O
содержании,O,O
и,O,O
определении,O,B-TERM
личностной,B-TERM,I-TERM
идентичности,I-TERM,I-TERM
",",O,O
содержание,O,B-TERM
личностной,B-TERM,I-TERM
идентичности,I-TERM,I-TERM
специфично,O,O
на,O,O
каждом,O,O
этапе,O,O
её,O,O
становления,B-TERM,O
.,O,O
Рассматриваются,O,O
факторы,B-TERM,O
становления,I-TERM,B-TERM
личностной,B-TERM,I-TERM
идентичности,I-TERM,I-TERM
.,O,O
Изучены,O,O
факторы,B-TERM,O
самооценки,B-TERM,O
",",O,O
принятия,B-TERM,O
себя,I-TERM,O
",",O,O
развития,O,O
мышления,B-TERM,O
",",O,O
миграции,B-TERM,O
",",O,O
продолжительного,O,O
неуспеха,O,O
",",O,O
предпочитаемых,O,O
когнитивных,B-TERM,B-TERM
стилей,I-TERM,I-TERM
и,O,O
др,O,O
.,O,O
Ставится,O,O
вопрос,O,O
о,O,O
неравнозначности,O,B-TERM
вклада,O,I-TERM
различных,O,O
факторов,B-TERM,O
и,O,O
об,O,O
их,O,O
соотношении,O,O
.,O,O
Рассматривается,O,O
проблема,O,O
диспропорции,O,B-TERM
объема,O,I-TERM
административных,B-TERM,O
расходов,I-TERM,O
в,O,O
общей,O,O
структуре,O,O
расходной,B-TERM,O
части,I-TERM,O
местных,B-TERM,O
бюджетов,I-TERM,O
в,O,O
период,O,B-TERM
НЭПа,B-TERM,I-TERM
.,O,O
Выделяется,O,O
специфика,O,O
указанной,O,O
проблемы,B-TERM,O
",",O,O
свойственная,O,O
советскому,O,O
периоду,O,O
развития,O,O
государства,O,O
и,O,O
права,O,O
.,O,O
В,O,O
обоснование,O,O
масштабности,O,O
описываемого,O,O
явления,B-TERM,O
приводятся,O,O
статистические,O,O
бюджетные,B-TERM,O
показатели,I-TERM,O
",",O,O
характерные,O,O
для,O,O
1922,O,O
–,O,O
1930,O,O
гг,O,O
.,O,O
Устанавливаются,O,O
причины,O,O
несоразмерно,O,O
высокого,O,O
уровня,O,O
административных,B-TERM,O
расходов,I-TERM,O
в,O,O
структуре,O,O
местных,B-TERM,O
финансов,I-TERM,O
и,O,O
оценивается,O,O
влияние,O,O
их,O,O
величины,O,O
на,O,O
возможность,O,O
создания,O,O
системы,B-TERM,O
самостоятельных,I-TERM,O
бюджетов,I-TERM,O
на,O,O
местах,O,O
.,O,O
Анализируется,O,O
алгоритм,B-TERM,O
преодоления,O,O
этой,O,O
проблемы,B-TERM,O
",",O,O
оценивается,O,O
эффективность,O,O
предпринятых,O,O
мер,O,O
.,O,O
Формируется,O,O
мнение,O,O
о,O,O
том,O,O
",",O,O
что,O,O
деятельность,O,B-TERM
правоприменителя,B-TERM,I-TERM
носила,O,O
непродуманный,O,O
характер,O,O
",",O,O
основывалась,O,O
на,O,O
поверхностном,O,O
видении,O,O
происходящих,O,O
процессов,B-TERM,O
и,O,O
не,O,O
отвечала,O,O
требованиям,O,O
целесообразности,O,O
.,O,O
Обосновывается,O,O
необходимость,O,O
применения,O,O
комплексного,B-TERM,O
подхода,I-TERM,O
к,O,O
решению,O,O
задачи,O,O
снижения,O,O
доли,O,B-TERM
административных,B-TERM,I-TERM
расходов,I-TERM,I-TERM
в,O,O
структуре,O,O
местных,B-TERM,O
бюджетов,I-TERM,O
в,O,O
период,O,B-TERM
НЭПа,B-TERM,I-TERM
.,O,O
Статья,O,O
посвящена,O,O
проблеме,O,O
вины,B-TERM,O
в,O,O
гражданском,B-TERM,O
праве,I-TERM,O
.,O,O
Показано,O,O
",",O,O
что,O,O
в,O,O
разные,O,O
исторические,O,O
периоды,O,O
понимание,O,O
вины,B-TERM,O
в,O,O
гражданском,B-TERM,O
праве,I-TERM,O
было,O,O
различным,O,O
",",O,O
менялись,O,O
и,O,O
научные,O,O
представления,O,O
о,O,O
ней,O,O
.,O,O
Если,O,O
в,O,O
римском,B-TERM,O
праве,O,O
вина,B-TERM,O
воспринималась,O,O
как,O,O
объективная,B-TERM,O
категория,I-TERM,O
",",O,O
то,O,O
в,O,O
последующем,O,O
она,O,O
стала,O,O
приобретать,O,O
субъективный,B-TERM,O
характер,I-TERM,O
.,O,O
В,O,O
российском,B-TERM,O
законодательстве,I-TERM,O
не,O,O
существовало,O,O
общей,O,O
нормы,B-TERM,O
о,O,O
вине,B-TERM,O
",",O,O
она,O,O
определялась,O,O
через,O,O
ее,O,O
формы,O,O
.,O,O
Долгое,O,O
время,O,O
и,O,O
в,O,O
литературе,O,O
эта,O,O
правовая,B-TERM,O
категория,I-TERM,O
специально,O,O
не,O,O
изучалась,O,O
",",O,O
исследовались,O,O
лишь,O,O
ее,O,O
формы,O,O
(,O,O
умысел,B-TERM,O
и,O,O
неосторожность,B-TERM,O
),O,O
.,O,O
Среди,O,O
ученых,O,O
советского,O,O
периода,O,O
преобладало,O,O
субъективное,O,O
понимание,O,O
вины,B-TERM,O
",",O,O
такой,O,O
же,O,O
подход,O,O
к,O,O
вине,B-TERM,O
преобладает,O,O
и,O,O
в,O,O
современной,O,B-TERM
цивилистической,B-TERM,I-TERM
литературе,I-TERM,I-TERM
.,O,O
В,O,O
абзаце,O,O
2,O,O
п,O,O
.,O,O
1,O,O
ст,O,O
.,O,O
401,O,O
ГК,O,O
РФ,O,O
впервые,O,O
содержится,O,O
правило,O,O
",",O,O
которое,O,O
сторонники,O,O
объективного,O,O
понимания,O,O
вины,B-TERM,O
рассматривают,O,O
как,O,O
попытку,O,B-TERM
законодателя,B-TERM,I-TERM
определить,O,O
общее,O,O
понятие,O,O
вины,B-TERM,O
.,O,O
Дан,O,O
критический,B-TERM,O
анализ,I-TERM,O
«,B-TERM,O
объективистской,I-TERM,B-TERM
»,I-TERM,O
концепции,I-TERM,O
вины,I-TERM,O
.,O,O
Определены,O,O
основные,O,O
признаки,O,O
вины,B-TERM,O
как,O,O
психического,B-TERM,O
отношения,I-TERM,B-TERM
правонарушителя,B-TERM,I-TERM
к,O,O
своему,O,O
противоправному,B-TERM,O
поведению,I-TERM,O
и,O,O
его,O,O
результату,O,O
.,O,O
На,O,O
основе,O,O
выявленных,O,O
признаков,O,O
сформулировано,O,O
понятие,O,O
вины,B-TERM,O
как,O,O
субъективного,B-TERM,O
условия,I-TERM,O
гражданско,B-TERM,B-TERM
-,I-TERM,O
правовой,I-TERM,B-TERM
ответственности,I-TERM,I-TERM
.,O,O
Позитивная,O,O
оценка,O,O
правосудия,B-TERM,O
зависит,O,O
",",O,O
в,O,O
том,O,O
числе,O,O
",",O,O
и,O,O
от,O,O
ценности,O,O
самого,O,O
результата,O,B-TERM
судебного,B-TERM,I-TERM
разбирательства,I-TERM,I-TERM
.,O,O
В,O,O
связи,O,O
с,O,O
этим,O,O
особое,O,O
значение,O,O
приобретают,O,O
мотивация,O,O
в,O,O
достижении,O,O
цели,O,O
правосудия,B-TERM,O
",",O,O
наличие,O,O
фактически,O,O
равных,O,O
возможностей,O,O
сторон,B-TERM,O
в,O,O
судебном,B-TERM,O
процессе,I-TERM,O
",",O,O
обеспечение,O,O
свободы,B-TERM,O
субъектов,B-TERM,O
в,O,O
выборе,O,O
способов,B-TERM,O
защиты,I-TERM,O
нарушенных,I-TERM,O
прав,I-TERM,O
.,O,O
Уделяется,O,O
внимание,O,O
теории,B-TERM,O
справедливости,I-TERM,O
и,I-TERM,O
ожидания,I-TERM,O
",",O,O
которая,O,O
рассматривается,O,O
в,O,O
качестве,O,B-TERM
процессуальной,B-TERM,I-TERM
теории,I-TERM,I-TERM
равенства,I-TERM,I-TERM
",",I-TERM,O
свободы,I-TERM,O
и,I-TERM,O
мотивации,I-TERM,O
.,O,O
Справедливость,B-TERM,O
исследуется,O,O
как,O,O
универсальная,B-TERM,O
категория,I-TERM,O
",",O,O
позволяющая,O,O
определить,O,O
эффективность,O,O
отправляемого,O,O
правосудия,B-TERM,B-TERM
и,O,O
приоритет,O,O
для,O,O
лица,O,O
тех,O,O
или,O,O
иных,O,O
результатов,O,O
.,O,O
В,O,O
основу,O,O
права,B-TERM,O
на,I-TERM,O
справедливое,I-TERM,O
судебное,I-TERM,O
разбирательство,I-TERM,O
",",O,O
по,O,O
мнению,O,O
автора,O,O
настоящей,O,O
статьи,O,O
",",O,O
положена,O,O
триада,O,O
форм,B-TERM,O
справедливости,I-TERM,O
",",O,O
образующих,O,O
цикл,O,O
эффективной,O,O
реализации,O,O
указанного,O,O
права,B-TERM,O
",",O,O
–,O,O
ожидание,B-TERM,O
справедливости,I-TERM,O
",",O,O
справедливое,B-TERM,O
судебное,I-TERM,O
разбирательство,I-TERM,O
",",O,O
справедливый,B-TERM,O
результат,I-TERM,O
.,O,O
Любая,O,O
из,O,O
перечисленных,O,O
форм,B-TERM,O
справедливости,I-TERM,O
в,O,O
рамках,O,O
права,B-TERM,O
на,I-TERM,O
справедливое,I-TERM,O
судебное,I-TERM,O
разбирательство,I-TERM,O
обладает,O,O
собственными,O,O
задачами,O,B-TERM
судопроизводства,B-TERM,I-TERM
.,O,O
Единство,O,O
объективных,B-TERM,O
(,O,O
легальных,B-TERM,O
),O,O
и,O,O
субъективных,B-TERM,O
(,O,O
внутренних,B-TERM,O
),O,O
задач,B-TERM,O
каждой,O,O
из,O,O
форм,B-TERM,O
справедливости,I-TERM,O
способствует,O,O
созданию,O,O
реальной,B-TERM,O
справедливости,I-TERM,O
.,O,O
При,O,O
вынесении,B-TERM,O
решения,I-TERM,O
судья,B-TERM,O
в,O,O
случае,O,O
отсутствия,O,B-TERM
формального,B-TERM,I-TERM
источника,I-TERM,I-TERM
права,I-TERM,I-TERM
не,O,O
должен,O,O
ограничиваться,O,O
исключительно,O,O
позитивистским,B-TERM,B-TERM
подходом,I-TERM,I-TERM
.,O,O
Представлено,O,O
геополитическое,O,B-TERM
и,O,I-TERM
национальное,O,O
видение,O,O
противодействия,B-TERM,O
коррупции,I-TERM,O
с,O,O
абсолютно,O,O
новых,O,O
позиций,O,O
:,O,O
демонтажа,O,B-TERM
мировых,B-TERM,I-TERM
коррупционных,I-TERM,I-TERM
институтов,I-TERM,I-TERM
и,O,O
создания,O,B-TERM
неангажированных,O,I-TERM
международных,B-TERM,I-TERM
органов,I-TERM,I-TERM
обеспечения,I-TERM,I-TERM
движения,I-TERM,I-TERM
финансовых,I-TERM,I-TERM
потоков,I-TERM,I-TERM
.,O,O
Ратификация,B-TERM,B-TERM
Конвенции,B-TERM,I-TERM
ООН,I-TERM,O
против,I-TERM,O
коррупции,I-TERM,O
",",O,O
принятой,O,O
резолюцией,B-TERM,O
58,O,O
/,O,O
4,O,O
Генеральной,O,O
Ассамблеи,O,O
от,O,O
31,O,O
октября,O,O
2003,O,O
г,O,O
.,O,O
",",O,O
определила,O,O
обязательство,O,O
придерживаться,O,O
понятий,O,O
активного,B-TERM,O
и,O,O
пассивного,B-TERM,B-TERM
подкупа,I-TERM,I-TERM
публичных,B-TERM,I-TERM
должностных,I-TERM,O
лиц,I-TERM,O
",",O,O
членов,B-TERM,O
национальных,I-TERM,B-TERM
публичных,I-TERM,I-TERM
собраний,I-TERM,I-TERM
",",O,O
судей,B-TERM,O
",",O,O
отмывания,B-TERM,O
доходов,I-TERM,O
от,O,O
преступлений,B-TERM,O
",",O,O
связанных,O,O
с,O,O
коррупцией,B-TERM,O
.,O,O
Существование,O,O
принципа,B-TERM,B-TERM
состязательности,I-TERM,I-TERM
обусловило,O,O
создание,O,O
таких,O,O
уголовно,B-TERM,B-TERM
-,I-TERM,O
процессуальных,I-TERM,B-TERM
гарантий,I-TERM,I-TERM
",",O,O
которые,O,O
должны,O,O
были,O,O
обеспечить,O,O
равенство,B-TERM,O
прав,I-TERM,O
обеих,O,O
противоборствующих,B-TERM,B-TERM
сторон,I-TERM,I-TERM
уголовного,B-TERM,I-TERM
судопроизводства,I-TERM,I-TERM
.,O,O
Для,O,O
достижения,O,O
поставленной,O,O
задачи,O,O
законодатель,B-TERM,O
предусмотрел,O,O
",",O,O
что,O,O
защитник,B-TERM,O
может,O,O
пользоваться,O,O
определенными,O,O
способами,O,O
собирания,B-TERM,O
доказательств,I-TERM,O
.,O,O
К,O,O
сожалению,O,O
стороны,B-TERM,O
защиты,I-TERM,O
",",O,O
на,O,O
практике,O,O
достаточно,O,O
быстро,O,O
выявилась,O,O
невозможность,O,O
эффективного,O,O
использования,O,O
указанных,O,O
правомочий,B-TERM,O
.,O,O
Оказалось,O,O
",",O,O
что,O,O
УПК,B-TERM,O
РФ,I-TERM,O
не,O,O
предусматривает,O,O
процессуального,B-TERM,O
механизма,I-TERM,O
их,O,O
реализации,O,O
",",O,O
что,O,O
ставит,O,O
под,O,O
сомнение,O,O
допустимость,O,O
результатов,O,O
доказательственной,B-TERM,O
деятельности,I-TERM,O
защитника,B-TERM,O
.,O,O
Выявленный,O,O
пробел,O,O
уголовно,B-TERM,B-TERM
-,I-TERM,O
процессуального,I-TERM,B-TERM
закона,I-TERM,I-TERM
существенно,O,O
ограничивает,O,O
возможности,O,O
стороны,B-TERM,O
защиты,I-TERM,O
отстаивать,O,O
интересы,B-TERM,O
подозреваемых,B-TERM,O
и,O,O
обвиняемых,B-TERM,O
",",O,O
что,O,O
весьма,O,O
негативно,O,O
сказывается,O,O
на,O,O
реализации,O,O
принципа,B-TERM,O
состязательности,I-TERM,O
.,O,O
В,O,O
рамках,O,O
представленной,O,O
статьи,O,O
автор,O,O
рассматривает,O,O
проблемы,O,O
",",O,O
препятствующие,O,O
осуществлению,O,O
прав,B-TERM,O
защитника,B-TERM,O
на,O,O
собирание,B-TERM,O
и,O,O
использование,B-TERM,O
доказательств,I-TERM,O
",",O,O
и,O,O
характеризует,O,O
возможные,O,O
варианты,O,O
их,O,O
решения,O,O
.,O,O
Фортификационные,B-TERM,B-TERM
памятники,I-TERM,I-TERM
Восточного,B-TERM,I-TERM
Приморья,I-TERM,I-TERM
до,O,O
сих,O,O
пор,O,O
практически,O,O
не,O,O
изучены,O,O
.,O,O
В,O,O
целях,O,O
решения,O,O
данной,O,O
проблемы,O,O
исследованы,O,O
городища,B-TERM,O
",",O,O
укрепления,B-TERM,O
и,O,O
защитные,B-TERM,B-TERM
стены,I-TERM,I-TERM
бассейна,B-TERM,I-TERM
Маргаритовки,B-TERM,I-TERM
.,O,O
Выявлено,O,O
четыре,O,O
разнотипных,O,B-TERM
укрепленных,B-TERM,I-TERM
памятника,I-TERM,I-TERM
:,O,O
горное,B-TERM,O
Щербаковское,I-TERM,B-TERM
городище,I-TERM,I-TERM
чжурчжэньского,I-TERM,O
государства,I-TERM,O
Восточное,B-TERM,O
Ся,I-TERM,O
XIII,B-TERM,O
в,I-TERM,O
.,I-TERM,O
",",O,O
а,O,O
также,O,O
относящиеся,O,O
к,O,O
эпохе,B-TERM,O
Средневековья,I-TERM,O
мысовое,B-TERM,O
городище,I-TERM,O
Сенокосное,I-TERM,B-TERM
-,I-TERM,I-TERM
1,I-TERM,I-TERM
",",O,O
сопоставимое,O,O
с,O,O
польцевской,O,B-TERM
культурой,O,I-TERM
",",O,O
мысовое,B-TERM,O
городище,I-TERM,O
Маргаритово,I-TERM,B-TERM
",",O,O
Каменный,B-TERM,B-TERM
вал,I-TERM,I-TERM
в,O,O
устье,B-TERM,B-TERM
Маргаритовки,B-TERM,I-TERM
.,O,O
Геофизическая,B-TERM,B-TERM
характеристика,I-TERM,I-TERM
территории,I-TERM,O
–,O,O
замыкание,B-TERM,B-TERM
верховьев,I-TERM,I-TERM
Маргаритовки,B-TERM,I-TERM
на,O,O
г,O,O
.,O,O
Перевальная,O,B-TERM
с,O,I-TERM
расположенной,O,O
на,O,O
ней,O,O
одноименной,O,O
контрольно,B-TERM,O
-,I-TERM,O
пропускной,I-TERM,O
средневековой,I-TERM,O
крепостью,I-TERM,O
и,O,O
выход,O,O
устья,B-TERM,O
реки,I-TERM,O
в,O,O
бухту,O,O
Моряк,O,O
-,O,O
Рыболов,O,O
–,O,O
свидетельствует,O,O
о,O,O
функционировании,O,O
здесь,O,O
сухопутной,O,B-TERM
дороги,O,I-TERM
",",O,O
идущей,O,O
с,O,O
западной,O,O
стороны,O,O
Сихотэ,O,O
-,O,O
Алиня,O,O
через,O,O
г,O,O
.,O,O
Перевальная,O,B-TERM
в,O,I-TERM
сторону,O,B-TERM
Японского,O,I-TERM
моря,O,I-TERM
.,O,O
Сухопутная,O,O
и,O,O
морская,O,B-TERM
дорожнотранспортные,B-TERM,I-TERM
артерии,I-TERM,I-TERM
требовали,O,O
охраны,O,O
и,O,O
контроля,O,O
",",O,O
что,O,O
подтверждается,O,O
возведением,O,B-TERM
длинного,O,I-TERM
каменного,B-TERM,I-TERM
вала,I-TERM,I-TERM
по,O,O
горному,B-TERM,O
отрогу,I-TERM,O
Сихотэ,B-TERM,O
-,I-TERM,O
Алиня,I-TERM,O
в,O,O
устье,B-TERM,O
Маргаритовки,B-TERM,O
.,O,O
Индустрия,B-TERM,O
грота,B-TERM,O
Тешик,B-TERM,O
-,I-TERM,O
Таш,I-TERM,O
имеет,O,O
бесспорную,O,O
привязку,O,O
к,O,O
неандертальской,B-TERM,B-TERM
популяции,I-TERM,I-TERM
",",O,O
что,O,O
подтверждено,O,O
в,O,O
том,O,O
числе,O,O
и,O,O
генетическими,B-TERM,B-TERM
исследованиями,I-TERM,I-TERM
.,O,O
В,O,O
этой,O,O
связи,O,O
технологическое,O,B-TERM
изучение,O,I-TERM
каменной,B-TERM,B-TERM
коллекции,I-TERM,I-TERM
имеет,O,O
важнейшее,O,O
значение,O,O
.,O,O
Ранее,O,O
авторами,O,O
была,O,O
обработана,O,O
коллекция,O,O
Тешик,B-TERM,B-TERM
-,I-TERM,O
Таша,I-TERM,O
",",O,O
хранящаяся,O,O
в,O,O
МАЭ,B-TERM,O
РАН,I-TERM,O
(,O,O
Санкт,O,O
-,O,O
Петербург,O,O
),O,O
.,O,O
В,O,O
настоящей,O,O
статье,O,O
представлены,O,O
данные,B-TERM,O
обработки,O,O
коллекции,B-TERM,O
Тешик,I-TERM,O
-,I-TERM,O
Таша,I-TERM,O
",",O,O
хранящейся,O,O
в,O,O
НИИ,B-TERM,O
и,O,O
Музее,B-TERM,B-TERM
антропологии,I-TERM,I-TERM
им,O,O
.,O,O
Д,O,O
.,O,O
Н,O,O
.,O,O
Анучина,O,B-TERM
МГУ,O,I-TERM
",",O,O
в,O,O
основном,O,O
подтверждающие,O,O
выводы,O,O
предыдущего,O,O
исследования,O,O
.,O,O
В,O,O
результате,O,O
удалось,O,O
зафиксировать,O,O
безусловное,O,O
доминирование,O,B-TERM
центростремительной,B-TERM,I-TERM
модели,I-TERM,I-TERM
расщепления,I-TERM,I-TERM
камня,I-TERM,I-TERM
",",O,O
использование,O,O
которой,O,O
запечатлено,O,O
в,O,O
морфологии,B-TERM,B-TERM
изделий,I-TERM,O
всех,O,O
типологически,B-TERM,O
значимых,I-TERM,O
категорий,I-TERM,O
.,O,O
Вместе,O,O
в,O,O
тем,O,O
",",O,O
ряд,O,O
артефактов,B-TERM,O
указывает,O,O
на,O,O
существование,O,O
технологической,B-TERM,B-TERM
вариабельности,I-TERM,I-TERM
каменного,B-TERM,I-TERM
производства,I-TERM,I-TERM
в,O,O
индустрии,B-TERM,O
как,O,O
на,O,O
этапе,O,O
изготовления,O,O
сколов,B-TERM,B-TERM
-,I-TERM,O
заготовок,I-TERM,O
(,O,O
использование,O,B-TERM
подклиновидных,B-TERM,I-TERM
и,O,I-TERM
объемных,B-TERM,B-TERM
нуклеусов,I-TERM,I-TERM
),O,O
",",O,O
так,O,O
и,O,O
на,O,O
этапе,O,O
оформления,O,O
орудий,B-TERM,O
(,O,O
тронкированно,B-TERM,B-TERM
-,I-TERM,O
фасетированные,I-TERM,B-TERM
изделия,I-TERM,I-TERM
),O,O
.,O,O
При,O,O
этом,O,O
леваллуазское,B-TERM,B-TERM
расщепление,I-TERM,I-TERM
зафиксировано,O,O
в,O,O
материалах,O,O
коллекции,O,O
НИИ,B-TERM,O
и,O,O
Музея,B-TERM,B-TERM
антропологии,I-TERM,I-TERM
МГУ,I-TERM,O
в,O,O
таком,O,O
же,O,O
подчиненном,O,O
положении,O,O
",",O,O
что,O,O
и,O,O
в,O,O
коллекции,O,B-TERM
Кунсткамеры,B-TERM,I-TERM
.,O,O
Анализ,O,O
материалов,O,O
грота,B-TERM,O
Тешик,I-TERM,B-TERM
-,I-TERM,O
Таш,I-TERM,O
",",O,O
находящихся,O,O
в,O,O
Национальном,B-TERM,O
музее,I-TERM,B-TERM
истории,I-TERM,I-TERM
Узбекистана,I-TERM,O
в,O,O
Ташкенте,O,O
безусловно,O,O
расширят,O,O
наше,O,O
знание,O,O
о,O,O
навыках,O,B-TERM
неандертальцев,B-TERM,I-TERM
Центральной,B-TERM,I-TERM
Азии,I-TERM,I-TERM
в,O,O
каменном,B-TERM,O
производстве,I-TERM,O
.,O,O
Статья,O,O
посвящена,O,O
результатам,O,O
анализа,B-TERM,O
серии,I-TERM,O
образцов,I-TERM,B-TERM
митохондриальной,B-TERM,I-TERM
ДНК,I-TERM,I-TERM
(,O,O
N,O,O
#ERROR!,O,O
25,O,O
),O,O
из,O,O
могильников,B-TERM,O
окуневской,B-TERM,O
культуры,I-TERM,B-TERM
Минусинской,B-TERM,I-TERM
котловины,I-TERM,I-TERM
.,O,I-TERM
Проведенное,O,I-TERM
исследование,O,O
позволило,O,O
почти,O,O
вдвое,O,O
увеличить,O,O
суммарную,O,O
численность,O,O
успешно,O,O
исследованных,O,O
окуневских,O,O
образцов,O,O
мтДНК,B-TERM,B-TERM
.,O,I-TERM
Исследованная,O,B-TERM
нами,O,O
серия,O,O
образцов,O,O
из,O,O
могильника,B-TERM,O
Сыда,O,O
V,O,B-TERM
(,O,O
N,O,O
#ERROR!,O,O
23,O,O
),O,O
является,O,O
первой,O,O
репрезентативной,O,O
локально,O,O
-,O,O
территориальной,O,O
серией,O,O
образцов,O,O
мтДНК,B-TERM,B-TERM
для,O,O
популяции,O,B-TERM
окуневской,B-TERM,I-TERM
культуры,I-TERM,I-TERM
региона,O,I-TERM
.,O,O
Полученные,O,O
нами,O,O
новые,O,O
результаты,O,O
и,O,O
опубликованные,O,O
данные,O,O
обсуждаются,O,O
в,O,O
контексте,O,O
проблемы,O,O
формирования,O,B-TERM
генетического,O,I-TERM
состава,O,I-TERM
носителей,O,I-TERM
культуры,O,O
и,O,O
их,O,O
роли,O,O
в,O,O
дальнейшей,O,B-TERM
генетической,O,I-TERM
истории,O,I-TERM
населения,O,I-TERM
южных,O,O
районов,O,O
Сибири,O,O
.,O,O
Согласно,O,O
имеющимся,O,O
данным,O,O
",",O,O
ключевую,O,O
роль,O,O
в,O,O
формировании,O,B-TERM
окуневской,B-TERM,I-TERM
популяции,I-TERM,I-TERM
играли,O,O
генетические,O,O
компоненты,O,O
",",O,O
связанные,O,O
с,O,O
автохтонным,B-TERM,B-TERM
населением,I-TERM,I-TERM
региона,O,O
",",O,O
предшествовавшим,O,O
появлению,O,O
на,O,O
юге,O,O
Сибири,O,B-TERM
афанасьевских,B-TERM,I-TERM
популяций,I-TERM,I-TERM
.,O,O
Для,O,O
более,O,O
детальных,O,B-TERM
реконструкций,B-TERM,I-TERM
требуется,O,O
накопление,O,O
дополнительных,O,B-TERM
репрезентативных,O,I-TERM
палеогенетических,B-TERM,I-TERM
данных,I-TERM,I-TERM
.,O,O
Представлены,O,O
результаты,O,O
технико,B-TERM,B-TERM
-,I-TERM,O
технологического,I-TERM,B-TERM
анализа,I-TERM,I-TERM
поселенческой,B-TERM,I-TERM
керамики,I-TERM,I-TERM
барсовской,B-TERM,I-TERM
культуры,I-TERM,I-TERM
с,O,O
селищ,B-TERM,O
Барсова,B-TERM,O
Гора,I-TERM,O
I,I-TERM,O
/,O,O
50,O,O
(,O,O
20,O,O
сосудов,B-TERM,O
),O,O
",",O,O
Барсова,B-TERM,O
Гора,I-TERM,O
II,I-TERM,O
/,O,O
43,O,O
(,O,O
8,O,O
сосудов,B-TERM,O
),O,O
",",O,O
Барсова,B-TERM,O
Гора,I-TERM,O
III,I-TERM,O
/,O,O
4,O,O
(,O,O
10,O,O
сосудов,B-TERM,O
),O,O
",",O,O
Барцевка,B-TERM,O
IV,I-TERM,O
(,O,O
15,O,O
сосудов,B-TERM,O
),O,O
.,O,O
Целью,O,O
является,O,O
реконструкция,B-TERM,O
содержания,O,O
ступеней,O,B-TERM
гончарного,B-TERM,I-TERM
производства,I-TERM,I-TERM
у,O,O
носителей,O,B-TERM
барсовской,B-TERM,I-TERM
культуры,I-TERM,I-TERM
.,O,O
Технико,B-TERM,B-TERM
-,I-TERM,I-TERM
технологический,I-TERM,I-TERM
анализ,I-TERM,O
проводился,O,O
по,O,O
методике,B-TERM,O
",",O,O
предложенной,O,O
А,O,O
.,O,O
А,O,O
.,O,O
Бобринским,O,B-TERM
.,O,O
На,O,O
всех,O,O
памятниках,B-TERM,O
гончарами,B-TERM,B-TERM
отбирался,O,O
один,O,O
вид,O,O
исходного,O,B-TERM
пластичного,B-TERM,I-TERM
сырья,I-TERM,I-TERM
–,O,O
ожелезненные,B-TERM,B-TERM
природные,I-TERM,I-TERM
глины,I-TERM,I-TERM
.,O,O
Установлено,O,O
",",O,O
что,O,O
гончары,B-TERM,O
на,O,O
разных,O,O
поселениях,O,O
отбирали,O,O
сырье,B-TERM,O
из,O,O
разных,O,O
глинищ,B-TERM,O
.,O,O
На,O,O
трех,O,O
поселениях,O,O
доминирующим,O,O
рецептом,O,O
является,O,O
Глина,O,O
+,O,O
Шамот,O,O
",",O,O
на,O,O
селище,B-TERM,O
Барцевка,B-TERM,B-TERM
IV,I-TERM,I-TERM
–,O,O
Глина,O,B-TERM
+,O,O
Шамот,O,O
+,O,O
Органический,O,B-TERM
раствор,O,I-TERM
.,O,O
Гончары,B-TERM,O
на,O,O
всех,O,O
поселениях,O,O
обладали,O,O
близкими,O,O
навыками,O,B-TERM
конструирования,O,I-TERM
начина,B-TERM,I-TERM
и,O,O
полого,B-TERM,O
тела,I-TERM,O
",",O,O
а,O,O
также,O,O
обжига,B-TERM,O
.,O,O
Это,O,O
позволяет,O,O
предположить,O,O
общность,O,O
традиций,B-TERM,O
населения,I-TERM,O
",",O,O
оставившего,O,O
эти,O,O
памятники,B-TERM,O
.,O,O
Различия,O,O
в,O,O
традициях,B-TERM,O
составления,I-TERM,B-TERM
формовочной,B-TERM,I-TERM
массы,I-TERM,I-TERM
на,O,O
разных,O,O
поселениях,O,O
могут,O,O
быть,O,O
связаны,O,O
с,O,O
хронологической,O,B-TERM
разницей,O,I-TERM
между,O,O
селищами,B-TERM,B-TERM
и,O,O
с,O,O
взаимодействием,O,B-TERM
носителей,O,I-TERM
барсовской,B-TERM,I-TERM
культуры,I-TERM,I-TERM
с,O,O
другими,O,O
культурными,B-TERM,B-TERM
группами,I-TERM,I-TERM
в,O,O
эпоху,B-TERM,O
поздней,I-TERM,O
бронзы,I-TERM,O
.,O,O
Представлены,O,O
результаты,O,O
анализа,B-TERM,O
материалов,I-TERM,O
погребения,I-TERM,O
воина,B-TERM,O
",",O,O
раскопанного,O,O
в,O,O
составе,O,B-TERM
некрополя,B-TERM,I-TERM
эпохи,B-TERM,I-TERM
Великого,I-TERM,O
переселения,I-TERM,O
народов,I-TERM,O
Карбан,I-TERM,O
I,O,O
(,O,O
Северный,B-TERM,O
Алтай,I-TERM,O
),O,O
.,O,O
Основные,O,O
признаки,O,O
захоронения,B-TERM,O
(,O,O
небольшая,O,O
каменная,O,O
наземная,O,B-TERM
конструкция,B-TERM,I-TERM
овальной,O,I-TERM
формы,O,I-TERM
;,O,O
одиночная,B-TERM,O
ингумация,I-TERM,B-TERM
без,O,O
лошади,O,O
;,O,O
ориентировка,B-TERM,O
человека,O,O
головой,O,O
в,O,O
западный,B-TERM,O
сектор,I-TERM,O
горизонта,I-TERM,O
с,O,O
отклонением,B-TERM,O
на,I-TERM,O
север,I-TERM,O
;,O,O
неглубокая,O,O
могильная,O,B-TERM
яма,O,I-TERM
),O,O
позволяют,O,O
отнести,O,O
данный,O,O
объект,B-TERM,O
к,O,O
памятникам,B-TERM,B-TERM
карбанской,I-TERM,I-TERM
традиции,I-TERM,I-TERM
обрядовой,I-TERM,I-TERM
практики,I-TERM,I-TERM
населения,O,I-TERM
булан,B-TERM,B-TERM
-,I-TERM,O
кобинской,I-TERM,B-TERM
археологической,I-TERM,I-TERM
культуры,I-TERM,I-TERM
.,O,O
Морфологический,B-TERM,B-TERM
анализ,I-TERM,I-TERM
различных,O,O
категорий,O,B-TERM
сопроводительного,O,I-TERM
инвентаря,B-TERM,I-TERM
и,O,O
их,O,O
сопоставление,O,O
с,O,O
вещественными,B-TERM,O
материалами,I-TERM,O
из,O,O
комплексов,B-TERM,O
Центральной,B-TERM,O
Азии,I-TERM,O
стали,O,O
основанием,O,O
для,O,O
определения,O,O
датировки,B-TERM,O
комплекса,B-TERM,O
в,O,O
рамках,O,O
II,O,O
–,O,O
III,O,O
вв,O,O
.,O,O
н,O,O
.,O,O
э,O,O
.,O,O
Установлен,O,O
довольно,O,O
высокий,O,O
прижизненный,O,O
статус,B-TERM,O
умершего,O,O
человека,O,O
",",O,O
который,O,O
",",O,O
судя,O,O
по,O,O
составу,O,O
предметного,B-TERM,B-TERM
комплекса,I-TERM,I-TERM
",",O,O
являлся,O,O
профессиональным,O,O
воином,B-TERM,O
",",O,O
относившимся,O,O
к,O,O
социально,B-TERM,O
привилегированной,I-TERM,O
группе,I-TERM,O
населения,I-TERM,B-TERM
сяньбийского,B-TERM,I-TERM
периода,I-TERM,I-TERM
",",O,O
хоронившей,O,O
в,O,O
устье,O,O
р,O,O
.,O,O
Карбан,O,O
.,O,O
В,O,O
статье,O,O
предлагается,O,O
решение,O,O
проблем,O,O
обработки,O,O
нечетко,B-TERM,B-TERM
-,I-TERM,I-TERM
темпоральных,I-TERM,I-TERM
данных,I-TERM,I-TERM
телекоммуникационных,B-TERM,I-TERM
сетей,I-TERM,I-TERM
",",O,O
необходимых,O,O
для,O,O
выявления,O,O
и,O,O
прогнозирования,B-TERM,O
тенденций,O,O
дальнейшего,O,O
поведения,O,O
абонентов,B-TERM,O
.,O,O
На,O,O
основе,O,O
разработанной,O,O
библиотеки,B-TERM,B-TERM
алгоритмов,I-TERM,I-TERM
модели,B-TERM,I-TERM
обработки,I-TERM,I-TERM
нечетко,B-TERM,B-TERM
-,I-TERM,O
темпоральных,I-TERM,B-TERM
отношений,I-TERM,I-TERM
между,O,O
временными,B-TERM,B-TERM
точками,I-TERM,I-TERM
и,O,O
/,O,O
или,O,O
интервалами,B-TERM,B-TERM
был,O,O
реализован,O,O
инструментарий,O,B-TERM
",",O,O
позволяющий,O,O
обрабатывать,O,O
и,O,O
визуализировать,O,O
нечетко,B-TERM,O
-,I-TERM,O
темпоральные,I-TERM,B-TERM
данные,I-TERM,I-TERM
в,O,O
аналитических,B-TERM,B-TERM
системах,I-TERM,I-TERM
операторов,B-TERM,O
связи,I-TERM,O
.,O,O
Представлены,O,O
результаты,O,B-TERM
внедрения,O,I-TERM
модуля,B-TERM,I-TERM
возможностно,B-TERM,B-TERM
-,I-TERM,O
темпоральной,I-TERM,B-TERM
модели,I-TERM,I-TERM
при,O,O
реализации,O,B-TERM
коммерческого,O,I-TERM
проекта,O,I-TERM
аналитической,B-TERM,I-TERM
системы,I-TERM,I-TERM
для,O,O
телекоммуникационной,B-TERM,B-TERM
компании,I-TERM,I-TERM
.,O,O
В,O,O
статье,O,O
рассматривается,O,O
система,B-TERM,B-TERM
управления,I-TERM,I-TERM
перемещением,I-TERM,B-TERM
специализированного,I-TERM,I-TERM
промышленного,I-TERM,I-TERM
манипулятора,I-TERM,I-TERM
.,O,O
Проводится,O,O
анализ,O,O
ключевых,O,O
особенностей,O,O
системы,O,O
",",O,O
рассматривается,O,O
и,O,O
формулируется,O,O
задача,B-TERM,O
повышения,I-TERM,O
эффективности,I-TERM,B-TERM
управления,I-TERM,I-TERM
.,O,O
На,O,O
основании,O,O
существующих,O,O
в,O,O
мобильной,B-TERM,B-TERM
и,O,I-TERM
промышленной,B-TERM,B-TERM
робототехнике,I-TERM,I-TERM
решений,O,I-TERM
",",O,O
включающих,O,O
использование,O,B-TERM
искусственных,B-TERM,I-TERM
нейронных,I-TERM,I-TERM
сетей,I-TERM,I-TERM
",",O,O
предлагается,O,O
подход,O,O
к,O,O
формированию,B-TERM,O
траектории,I-TERM,B-TERM
перемещения,I-TERM,I-TERM
манипулятора,I-TERM,I-TERM
.,O,O
Статья,O,O
посвящена,O,O
обсуждению,O,O
концепции,O,O
понятия,O,O
«,O,O
репрезентативность,B-TERM,B-TERM
статистической,I-TERM,I-TERM
выборки,I-TERM,I-TERM
»,O,O
.,O,O
Предложена,O,O
статистическая,B-TERM,B-TERM
мера,I-TERM,I-TERM
репрезентативности,I-TERM,I-TERM
выборки,I-TERM,I-TERM
способ,O,B-TERM
количественной,O,I-TERM
оценки,O,I-TERM
степени,O,B-TERM
репрезентативности,B-TERM,I-TERM
выборки,I-TERM,I-TERM
из,O,O
генеральной,B-TERM,O
совокупности,I-TERM,O
.,O,O
Для,O,O
демонстрации,O,O
техники,O,O
применения,O,O
соответствующих,O,O
определений,O,O
и,O,O
методов,O,O
рассмотрен,O,O
пример,O,O
",",O,O
связанный,O,O
с,O,O
выявлением,O,O
объема,O,O
статистически,B-TERM,O
достоверной,I-TERM,O
выборки,I-TERM,O
при,O,O
анализе,O,O
СЭМ,B-TERM,O
-,O,O
изображений,B-TERM,O
поверхности,I-TERM,O
полимерного,I-TERM,B-TERM
композита,I-TERM,I-TERM
.,O,O
Создание,O,B-TERM
конструкторской,O,I-TERM
документации,O,I-TERM
основано,O,O
на,O,O
использовании,O,O
современных,O,O
систем,B-TERM,B-TERM
автоматизированного,I-TERM,I-TERM
проектирования,I-TERM,I-TERM
трехмерных,I-TERM,I-TERM
моделей,I-TERM,I-TERM
изделий,I-TERM,I-TERM
.,O,O
Для,O,O
студентов,O,O
и,O,O
инженеров,O,B-TERM
машиностроительных,O,I-TERM
специальностей,O,I-TERM
будут,O,O
полезны,O,O
представленные,O,O
средства,O,O
выбора,O,O
элементов,O,O
моделей,O,O
изделий,O,O
",",O,O
режимы,O,O
наложения,B-TERM,B-TERM
сборочных,I-TERM,I-TERM
зависимостей,I-TERM,I-TERM
и,O,O
приведенные,O,O
сведения,O,O
по,O,O
оформлению,O,B-TERM
сборочных,O,I-TERM
чертежей,O,I-TERM
в,O,O
соответствии,O,O
со,O,O
стандартами,O,O
Единой,B-TERM,O
Системы,I-TERM,B-TERM
Конструкторской,I-TERM,I-TERM
Документации,I-TERM,I-TERM
.,O,O
Рассмотренный,O,O
в,O,O
статье,O,O
алгоритм,B-TERM,O
построения,I-TERM,B-TERM
модели,I-TERM,I-TERM
сборочной,I-TERM,O
единицы,I-TERM,O
в,O,O
среде,B-TERM,O
программы,I-TERM,O
Autodesk,I-TERM,B-TERM
Inventor,I-TERM,I-TERM
позволяет,O,O
ускорить,O,O
процесс,O,B-TERM
выполнения,O,I-TERM
сборочного,B-TERM,I-TERM
чертежа,I-TERM,I-TERM
и,O,O
исключает,O,O
нарушение,O,B-TERM
проекционной,B-TERM,I-TERM
связи,I-TERM,I-TERM
изображений,I-TERM,I-TERM
.,O,O
В,O,O
качестве,O,O
объектов,O,O
исследования,O,O
в,O,O
данной,O,O
статье,O,O
рассматриваются,O,O
шагающие,B-TERM,O
внутритрубные,I-TERM,B-TERM
роботы,I-TERM,I-TERM
с,O,O
наиболее,O,O
распространенными,O,O
конструктивными,O,B-TERM
плоскими,B-TERM,B-TERM
и,O,I-TERM
пространственной,B-TERM,B-TERM
схемами,I-TERM,I-TERM
.,O,O
Для,O,O
них,O,O
обобщенно,O,O
рассмотрены,O,O
подходы,O,O
к,O,O
управлению,B-TERM,B-TERM
движением,I-TERM,O
",",O,O
целью,O,O
которых,O,O
является,O,O
реализация,O,O
заданного,O,O
перемещения,B-TERM,B-TERM
ног,I-TERM,I-TERM
и,O,O
корпуса,B-TERM,B-TERM
устройств,I-TERM,I-TERM
с,O,O
учетом,O,O
геометрии,B-TERM,O
трубы,I-TERM,O
.,O,O
Представлен,O,O
обзор,O,O
регуляторов,B-TERM,O
системы,I-TERM,O
управления,I-TERM,O
шагов,I-TERM,O
робота,I-TERM,O
по,I-TERM,O
трубе,I-TERM,O
",",O,O
методов,B-TERM,O
задания,I-TERM,O
траектории,I-TERM,O
и,O,O
ориентации,B-TERM,B-TERM
корпуса,I-TERM,I-TERM
устройства,I-TERM,I-TERM
",",O,O
подходов,O,O
к,O,O
решению,O,O
обратной,B-TERM,B-TERM
задачи,I-TERM,I-TERM
кинематики,I-TERM,I-TERM
",",O,O
а,O,O
также,O,O
обзор,O,B-TERM
регуляторов,B-TERM,I-TERM
системы,I-TERM,I-TERM
управления,I-TERM,I-TERM
",",O,O
позволяющих,O,O
учитывать,O,O
особенности,O,B-TERM
контактного,B-TERM,I-TERM
взаимодействия,I-TERM,I-TERM
робота,I-TERM,I-TERM
с,O,O
внутренней,B-TERM,B-TERM
поверхностью,I-TERM,I-TERM
трубы,I-TERM,I-TERM
",",O,O
и,O,O
их,O,O
сравнительный,O,B-TERM
анализ,O,I-TERM
.,O,O
Учет,O,B-TERM
электропроводности,B-TERM,I-TERM
при,O,O
описании,O,O
равновесия,B-TERM,B-TERM
термоупругих,I-TERM,I-TERM
тел,I-TERM,I-TERM
",",O,O
как,O,O
правило,O,O
",",O,O
значительно,O,O
усложняет,O,O
математическую,B-TERM,B-TERM
модель,I-TERM,I-TERM
.,O,O
В,O,O
работе,O,O
доказывается,O,O
теорема,B-TERM,O
существования,I-TERM,B-TERM
смешанной,O,I-TERM
краевой,B-TERM,I-TERM
задачи,I-TERM,I-TERM
для,O,O
нелинейной,B-TERM,B-TERM
модели,I-TERM,I-TERM
",",O,O
учитывающей,O,O
влияние,O,O
температуры,B-TERM,O
и,O,O
электропроводности,B-TERM,B-TERM
на,O,O
процесс,O,B-TERM
деформирования,B-TERM,I-TERM
упругого,B-TERM,I-TERM
тела,I-TERM,I-TERM
.,O,O
Рассматривается,O,O
линеаризованная,B-TERM,B-TERM
модель,I-TERM,I-TERM
совместного,I-TERM,I-TERM
движения,I-TERM,I-TERM
упругого,B-TERM,I-TERM
пористого,I-TERM,I-TERM
грунта,I-TERM,I-TERM
и,O,O
целиком,O,O
заполняющей,O,O
поровое,B-TERM,B-TERM
пространство,I-TERM,I-TERM
вязкой,B-TERM,B-TERM
сжимаемой,I-TERM,I-TERM
жидкости,I-TERM,I-TERM
с,O,O
учетом,O,O
теплопроводности,B-TERM,B-TERM
.,O,O
Считается,O,O
",",O,O
что,O,O
поровое,B-TERM,B-TERM
пространство,I-TERM,I-TERM
обладает,O,O
периодической,B-TERM,B-TERM
геометрией,I-TERM,I-TERM
и,O,O
что,O,O
модель,B-TERM,O
содержит,O,O
малый,B-TERM,O
параметр,I-TERM,O
-,O,O
отношение,O,O
характерных,O,O
размеров,O,O
микро,B-TERM,O
-,O,O
и,O,O
макроуровней,B-TERM,O
",",O,O
а,O,O
именно,O,O
длины,B-TERM,O
ребра,I-TERM,O
ячейки,I-TERM,O
периодичности,I-TERM,O
и,O,O
характерного,B-TERM,O
размера,I-TERM,O
полной,I-TERM,B-TERM
термомеханической,I-TERM,I-TERM
системы,I-TERM,I-TERM
.,O,O
Проводится,O,O
процедура,B-TERM,O
усреднения,I-TERM,O
",",O,O
т,O,O
.,O,O
е,O,O
.,O,O
предельный,B-TERM,O
переход,I-TERM,O
в,O,O
уравнениях,B-TERM,B-TERM
модели,I-TERM,I-TERM
при,O,O
стремлении,B-TERM,O
малого,B-TERM,O
параметра,I-TERM,O
к,O,O
нулю,B-TERM,O
.,O,O
При,O,O
этом,O,O
предполагается,O,O
",",O,O
что,O,O
физические,B-TERM,O
характеристики,I-TERM,O
отдельных,O,O
фаз,B-TERM,O
от,O,O
малого,B-TERM,O
параметра,I-TERM,O
не,O,O
зависят,O,O
.,O,O
В,O,O
результате,O,O
конструируется,O,O
корректно,O,O
поставленная,O,O
начально,B-TERM,B-TERM
-,I-TERM,I-TERM
краевая,I-TERM,I-TERM
задача,I-TERM,O
для,O,O
модели,B-TERM,B-TERM
линейной,I-TERM,I-TERM
термовязкоупругости,I-TERM,I-TERM
с,I-TERM,O
памятью,I-TERM,O
формы,I-TERM,O
и,I-TERM,O
тепла,I-TERM,O
",",O,O
решением,O,O
которой,O,O
являются,O,O
пределы,B-TERM,O
решений,I-TERM,O
исходной,I-TERM,O
задачи,I-TERM,O
",",O,O
и,O,O
коэффициенты,B-TERM,O
которой,O,O
однозначно,O,O
определяются,O,O
микроструктурой,B-TERM,B-TERM
.,O,O
Усреднение,B-TERM,O
проводится,O,O
методом,B-TERM,O
двухмасштабной,I-TERM,O
сходимости,I-TERM,O
и,O,O
математически,O,B-TERM
строго,O,O
обосновано,O,O
.,O,O
Работа,O,O
посвящена,O,O
использованию,O,B-TERM
векторного,B-TERM,I-TERM
метода,I-TERM,I-TERM
конечных,I-TERM,I-TERM
элементов,I-TERM,I-TERM
для,O,O
моделирования,B-TERM,O
распространения,I-TERM,O
TE,I-TERM,O
-,I-TERM,O
волны,I-TERM,O
в,O,O
оптическом,B-TERM,B-TERM
волокне,I-TERM,I-TERM
.,O,O
При,O,O
анализе,O,O
полученных,O,O
численных,B-TERM,O
результатов,I-TERM,O
было,O,O
обнаружено,O,O
присутствие,O,O
ложных,O,O
решений,O,O
.,O,O
Анализ,O,O
аналитического,B-TERM,O
решения,I-TERM,O
данной,O,O
задачи,O,O
показал,O,O
",",O,O
что,O,O
ложные,O,O
решения,O,O
отличаются,O,O
наличием,O,O
ненулевой,O,B-TERM
Er,B-TERM,I-TERM
-,I-TERM,O
компоненты,B-TERM,O
и,O,O
не,O,O
удовлетворяют,O,O
условию,O,O
непрерывности,B-TERM,O
поля,I-TERM,O
H,I-TERM,O
на,O,O
границе,O,B-TERM
сердцевины,B-TERM,I-TERM
и,O,O
оболочки,B-TERM,B-TERM
волокна,I-TERM,O
.,O,O
Рассматриваются,O,O
неподвижные,B-TERM,B-TERM
точки,I-TERM,I-TERM
в,O,O
свободных,B-TERM,B-TERM
нильпотентных,I-TERM,I-TERM
группах,I-TERM,I-TERM
относительно,O,O
всех,O,B-TERM
автоморфизмов,B-TERM,I-TERM
этой,O,I-TERM
группы,B-TERM,I-TERM
.,O,O
Известно,O,O
",",O,O
что,O,O
такие,O,O
элементы,B-TERM,O
существуют,O,O
",",O,O
но,O,O
их,O,O
нахождение,O,O
является,O,O
технически,O,O
сложным,O,O
процессом,O,O
.,O,O
В,O,O
данной,O,O
работе,O,O
приведены,O,O
примеры,O,B-TERM
неподвижных,B-TERM,I-TERM
элементов,I-TERM,I-TERM
свободной,B-TERM,B-TERM
нильпотентной,I-TERM,I-TERM
группы,I-TERM,I-TERM
ступени,I-TERM,O
12,I-TERM,O
",",O,O
с,O,O
двумя,O,O
и,O,O
тремя,O,O
образующими,B-TERM,O
.,O,O
В,O,O
работе,O,O
исследуется,O,O
задача,B-TERM,O
восстановления,I-TERM,O
параметров,I-TERM,O
линейных,B-TERM,B-TERM
моделей,I-TERM,I-TERM
",",O,O
возникающих,O,O
при,O,O
дискретном,B-TERM,B-TERM
моделировании,I-TERM,I-TERM
динамики,O,I-TERM
генных,B-TERM,I-TERM
сетей,I-TERM,I-TERM
.,O,O
Решение,O,O
задачи,O,O
проводится,O,O
на,O,O
основе,O,O
известной,O,B-TERM
модификации,B-TERM,I-TERM
метода,B-TERM,I-TERM
обратной,I-TERM,I-TERM
итерации,I-TERM,I-TERM
.,O,O
Доказывается,O,O
сходимость,B-TERM,O
и,O,O
устанавливается,O,O
оценка,B-TERM,O
скорости,I-TERM,O
сходимости,I-TERM,O
метода,I-TERM,O
.,O,O
